"Feature","Item","Week","Monday","Tuesday","Wednesday","Thursday","Friday","Saturday","Sunday","Total"
"AWA",912,1,,,,,,,,0
"AWA",912,2,,,,,,,,0
"AWA",912,3,,,,,,,,0
"AWA",912,4,,,,,,,,0
"AWA",912,5,,,,,,,,0
"AWA",912,6,,,,,,,,0
"AWA",912,7,,,,,,,,0
"AWA",912,8,,,,,,,,0
"AWA",912,9,,,,,,,,0
"AWA",912,10,,,,,,,,0
"AWA",912,11,,,,,,,,0
"AWA",912,12,,,,,,,,0
"AWA",912,13,,,,,,,,0
"AWA",912,14,,,,,,,,0
"AWA",912,15,,,,,,,,0
"AWA",912,16,,,,,,,,0
"AWA",912,17,,,,,,,,0
"AWA",912,18,,,,,,,,0
"AWA",912,19,,,,,,,,0
"AWA",912,20,,,,,,,,0
"AWA",912,21,,,,,,,,0
"AWA",912,22,,,,,,,,0
"AWA",912,23,,,,,,,,0
"AWA",912,24,,,,,,,,0
"AWA",912,25,,,,,,,,0
"AWA",912,26,,,,,,,,0
"AWA",912,27,,,,,,,,0
"AWA",912,28,,,,,,,,0
"AWA",912,29,,,,,,,,0
"AWA",912,30,,,,,,,,0
"AWA",912,31,,,,,,,,0
"AWA",912,32,,,,,,,,0
"AWA",912,33,,,,,,,,0
"AWA",912,34,,,,,,,,0
"AWA",912,35,,,,,,,,0
"AWA",912,36,,,,,,,,0
"AWA",912,37,,,,,,,,0
"AWA",912,38,,,,,,,,0
"AWA",912,39,,,,,,,,0
"AWA",912,40,,,,,,,,0
"AWA",912,41,,,,,,,,0
"AWA",912,42,,,,,,,,0
"AWA",912,43,,,,,,,,0
"AWA",912,44,,,,,,,,0
"AWA",912,45,,,,,,,,0
"AWA",912,46,,,,,,,,0
"AWA",912,47,,,,,,,,0
"AWA",912,48,,,,,,,,0
"AWA",912,49,,,,,,,,0
"AWA",912,50,,,,,,,,0
"AWA",912,51,,,,,,,,0
"AWA",912,52,,,,,,,,0
"BF1",101,18,,,,,,,,0
"BF1",101,20,,,,,,,,0
"BF1",101,22,,,,,,,,0
"BF1",101,24,,,,,,,,0
"BF1",101,26,,,,,,,,0
"BF1",101,28,,,,,,,,0
"BF1",101,30,,,,,,,,0
"BF1",101,32,,,,,,,,0
"BF1",101,34,,,,,,,,0
"BF1",101,36,,,,,,,,0
"BF1",101,38,,,,,,,,0
"BF1",101,40,,,,,,,,0
"BF1",237,4,,,,,,,,0
"BF1",237,8,,,,,,,,0
"BF1",237,12,,,,,,,,0
"BF1",237,14,,,,,,,,0
"BF1",237,16,,,,,,,,0
"BF1",237,18,,,,,,,,0
"BF1",237,20,,,,,,,,0
"BF1",237,22,,,,,,,,0
"BF1",237,24,,,,,,,,0
"BF1",237,26,,,,,,,,0
"BF1",237,28,,,,,,,,0
"BF1",237,30,,,,,,,,0
"BF1",237,32,,,,,,,,0
"BF1",237,34,,,,,,,,0
"BF1",237,36,,,,,,,,0
"BF1",237,40,,,,,,,,0
"BF1",237,44,,,,,,,,0
"BF1",237,48,,,,,,,,0
"BF1",237,52,,,,,,,,0
"BG1",2110,14,,,,,,,,0
"BG1",2110,17,,,,,,,,0
"BG1",2110,20,,,,,,,,0
"BG1",2110,23,,,,,,,,0
"BG1",2110,26,,,,,,,,0
"BG1",2110,29,,,,,,,,0
"BG1",2110,32,,,,,,,,0
"BG1",2110,35,,,,,,,,0
"BG1",2110,38,,,,,,,,0
"BG2",2111,14,,,,,,,,0
"BG2",2111,17,,,,,,,,0
"BG2",2111,20,,,,,,,,0
"BG2",2111,23,,,,,,,,0
"BG2",2111,26,,,,,,,,0
"BG2",2111,29,,,,,,,,0
"BG2",2111,32,,,,,,,,0
"BG2",2111,35,,,,,,,,0
"BG2",2111,38,,,,,,,,0
"BH1",101,18,,,,,,,,0
"BH1",101,20,,,,,,,,0
"BH1",101,22,,,,,,,,0
"BH1",101,24,,,,,,,,0
"BH1",101,26,,,,,,,,0
"BH1",101,28,,,,,,,,0
"BH1",101,30,,,,,,,,0
"BH1",101,32,,,,,,,,0
"BH1",101,34,,,,,,,,0
"BH1",101,36,,,,,,,,0
"BH1",101,38,,,,,,,,0
"BH1",101,40,,,,,,,,0
"BH1",306,14,,,,,,,,0
"BH1",306,17,,,,,,,,0
"BH1",306,20,,,,,,,,0
"BH1",306,23,,,,,,,,0
"BH1",306,26,,,,,,,,0
"BH1",306,29,,,,,,,,0
"BH1",306,32,,,,,,,,0
"BH1",306,35,,,,,,,,0
"BH1",306,38,,,,,,,,0
"BR1",101,18,,,,,,,,0
"BR1",101,20,,,,,,,,0
"BR1",101,22,,,,,,,,0
"BR1",101,24,,,,,,,,0
"BR1",101,26,,,,,,,,0
"BR1",101,28,,,,,,,,0
"BR1",101,30,,,,,,,,0
"BR1",101,32,,,,,,,,0
"BR1",101,34,,,,,,,,0
"BR1",101,36,,,,,,,,0
"BR1",101,38,,,,,,,,0
"BR1",101,40,,,,,,,,0
"BR1",204,14,,,,,,,,0
"BR1",204,17,,,,,,,,0
"BR1",204,20,,,,,,,,0
"BR1",204,23,,,,,,,,0
"BR1",204,26,,,,,,,,0
"BR1",204,29,,,,,,,,0
"BR1",204,32,,,,,,,,0
"BR1",204,35,,,,,,,,0
"BR1",204,38,,,,,,,,0
"BR2",3036,14,,,,,,,,0
"BR2",3036,17,,,,,,,,0
"BR2",3036,20,,,,,,,,0
"BR2",3036,23,,,,,,,,0
"BR2",3036,26,,,,,,,,0
"BR2",3036,29,,,,,,,,0
"BR2",3036,32,,,,,,,,0
"BR2",3036,35,,,,,,,,0
"BR2",3036,38,,,,,,,,0
"BS1",101,18,,,,,,,,0
"BS1",101,20,,,,,,,,0
"BS1",101,22,,,,,,,,0
"BS1",101,24,,,,,,,,0
"BS1",101,26,,,,,,,,0
"BS1",101,28,,,,,,,,0
"BS1",101,30,,,,,,,,0
"BS1",101,32,,,,,,,,0
"BS1",101,34,,,,,,,,0
"BS1",101,36,,,,,,,,0
"BS1",101,38,,,,,,,,0
"BS1",101,40,,,,,,,,0
"BS1",154,14,,,,,,,,0
"BS1",154,17,,,,,,,,0
"BS1",154,20,,,,,,,,0
"BS1",154,23,,,,,,,,0
"BS1",154,26,,,,,,,,0
"BS1",154,29,,,,,,,,0
"BS1",154,32,,,,,,,,0
"BS1",154,35,,,,,,,,0
"BS1",154,38,,,,,,,,0
"BV2",3036,14,,,,,,,,0
"BV2",3036,17,,,,,,,,0
"BV2",3036,20,,,,,,,,0
"BV2",3036,23,,,,,,,,0
"BV2",3036,26,,,,,,,,0
"BV2",3036,29,,,,,,,,0
"BV2",3036,32,,,,,,,,0
"BV2",3036,35,,,,,,,,0
"BV2",3036,38,,,,,,,,0
"BZG",624,1,1,1,1,1,1,1,,6
"BZG",624,2,1,1,1,1,1,1,1,7
"BZG",624,3,1,1,1,1,1,1,1,7
"BZG",624,4,1,1,1,1,1,1,1,7
"BZG",624,5,1,1,1,1,1,1,1,7
"BZG",624,6,1,1,1,1,1,1,1,7
"BZG",624,7,1,1,1,1,1,1,1,7
"BZG",624,8,1,1,1,1,1,1,1,7
"BZG",624,9,1,1,1,1,1,1,1,7
"BZG",624,10,1,1,1,1,1,1,1,7
"BZG",624,11,1,1,1,1,1,1,1,7
"BZG",624,12,1,1,1,1,1,1,1,7
"BZG",624,13,1,,1,,1,,,3
"BZG",624,14,1,,1,,1,,,3
"BZG",624,15,1,,1,,1,,,3
"BZG",624,16,1,,1,,1,,,3
"BZG",624,17,1,,1,,1,,,3
"BZG",624,18,1,,1,,1,,,3
"BZG",624,19,1,,1,,1,,,3
"BZG",624,20,1,,1,,1,,,3
"BZG",624,21,1,,1,,1,,,3
"BZG",624,22,1,,1,,1,,,3
"BZG",624,23,1,,1,,1,,,3
"BZG",624,24,1,,1,,1,,,3
"BZG",624,25,1,,1,,1,,,3
"BZG",624,26,1,,1,,1,,,3
"BZG",624,27,1,,1,,1,,,3
"BZG",624,28,1,,1,,1,,,3
"BZG",624,29,1,,1,,1,,,3
"BZG",624,30,1,,1,,1,,,3
"BZG",624,31,1,,1,,1,,,3
"BZG",624,32,1,,1,,1,,,3
"BZG",624,33,1,,1,,1,,,3
"BZG",624,34,1,,1,,1,,,3
"BZG",624,35,1,,1,,1,,,3
"BZG",624,36,1,,1,,1,,,3
"BZG",624,37,1,,1,,1,,,3
"BZG",624,38,1,,1,,1,,,3
"BZG",624,39,1,,1,,1,,,3
"BZG",624,40,1,,1,,1,,,3
"BZG",624,41,1,1,1,1,1,1,1,7
"BZG",624,42,1,1,1,1,1,1,1,7
"BZG",624,43,1,1,1,1,1,1,1,7
"BZG",624,44,1,1,1,1,1,1,1,7
"BZG",624,45,1,1,1,1,1,1,1,7
"BZG",624,46,1,1,1,1,1,1,1,7
"BZG",624,47,1,1,1,1,1,1,1,7
"BZG",624,48,1,1,1,1,1,1,1,7
"BZG",624,49,1,1,1,1,1,1,1,7
"BZG",624,50,1,1,1,1,1,1,1,7
"BZG",624,51,1,1,1,1,1,1,1,7
"BZG",624,52,1,1,1,1,1,1,,6
"BZG",625,2,,,,,,,,0
"BZG",625,7,,,,,,,,0
"BZG",625,11,,,,,,,,0
"BZG",625,13,,,,,,,,0
"BZG",625,14,,,,,,,,0
"BZG",625,15,,,,,,,,0
"BZG",625,16,,,,,,,,0
"BZG",625,17,1,,1,,1,,,3
"BZG",625,18,1,,1,,1,,,3
"BZG",625,19,1,,1,,1,,,3
"BZG",625,20,1,,1,,1,,,3
"BZG",625,21,1,,1,,1,,,3
"BZG",625,22,1,,1,,1,,,3
"BZG",625,23,1,,1,,1,,,3
"BZG",625,24,1,,1,,1,,,3
"BZG",625,25,1,,1,,1,,,3
"BZG",625,26,1,,1,,1,,,3
"BZG",625,27,1,,1,,1,,,3
"BZG",625,28,1,,1,,1,,,3
"BZG",625,29,1,,1,,1,,,3
"BZG",625,30,1,,1,,1,,,3
"BZG",625,31,1,,1,,1,,,3
"BZG",625,32,1,,1,,1,,,3
"BZG",625,33,1,,1,,1,,,3
"BZG",625,34,1,,1,,1,,,3
"BZG",625,35,1,,1,,1,,,3
"BZG",625,36,1,,1,,1,,,3
"BZG",625,37,1,,1,,1,,,3
"BZG",625,38,1,,1,,1,,,3
"BZG",625,39,1,,1,,1,,,3
"BZG",625,40,1,,1,,1,,,3
"BZG",625,41,,,,,,,,0
"BZG",625,42,,,,,,,,0
"BZG",625,43,,,,,,,,0
"BZG",625,44,,,,,,,,0
"BZG",625,46,,,,,,,,0
"BZG",625,49,,,,,,,,0
"BZG",626,13,,,,,,,,0
"BZG",626,15,,,,,,,,0
"BZG",626,17,,,,,,,,0
"BZG",626,18,,,,,,,,0
"BZG",626,19,,,,,,,,0
"BZG",626,20,,,,,,,,0
"BZG",626,21,,,,,,,,0
"BZG",626,22,,,,,,,,0
"BZG",626,23,,,,,,,,0
"BZG",626,24,,,,,,,,0
"BZG",626,25,,,,,,,,0
"BZG",626,26,,,,,,,,0
"BZG",626,27,,,,,,,,0
"BZG",626,28,,,,,,,,0
"BZG",626,29,,,,,,,,0
"BZG",626,30,,,,,,,,0
"BZG",626,31,,,,,,,,0
"BZG",626,32,,,,,,,,0
"BZG",626,33,,,,,,,,0
"BZG",626,34,,,,,,,,0
"BZG",626,35,,,,,,,,0
"BZG",626,36,,,,,,,,0
"BZG",626,38,,,,,,,,0
"BZG",626,40,,,,,,,,0
"BZG",628,13,,1,,1,,1,1,4
"BZG",628,14,,1,,1,,1,1,4
"BZG",628,15,,1,,1,,1,1,4
"BZG",628,16,,1,,1,,1,1,4
"BZG",628,17,,1,,1,,1,1,4
"BZG",628,18,,1,,1,,1,1,4
"BZG",628,19,,1,,1,,1,1,4
"BZG",628,20,,1,,1,,1,1,4
"BZG",628,21,,1,,1,,1,1,4
"BZG",628,22,,1,,1,,1,1,4
"BZG",628,23,,1,,1,,1,1,4
"BZG",628,24,,1,,1,,1,1,4
"BZG",628,25,,1,,1,,1,1,4
"BZG",628,26,,1,,1,,1,1,4
"BZG",628,27,,1,,1,,1,1,4
"BZG",628,28,,1,,1,,1,1,4
"BZG",628,29,,1,,1,,1,1,4
"BZG",628,30,,1,,1,,1,1,4
"BZG",628,31,,1,,1,,1,1,4
"BZG",628,32,,1,,1,,1,1,4
"BZG",628,33,,1,,1,,1,1,4
"BZG",628,34,,1,,1,,1,1,4
"BZG",628,35,,1,,1,,1,1,4
"BZG",628,36,,1,,1,,1,1,4
"BZG",628,37,,1,,1,,1,1,4
"BZG",628,38,,1,,1,,1,1,4
"BZG",628,39,,1,,1,,1,1,4
"BZG",628,40,,1,,1,,1,1,4
"BZG",629,1,,,,,,,,0
"BZG",629,3,,,,,,,,0
"BZG",629,5,,,,,,,,0
"BZG",629,7,,,,,,,,0
"BZG",629,9,,,,,,,,0
"BZG",629,11,,,,,,,,0
"BZG",629,13,,1,,1,,,,2
"BZG",629,14,,1,,1,,,,2
"BZG",629,15,,1,,1,,,,2
"BZG",629,16,,1,,1,,,,2
"BZG",629,17,,1,,1,,,,2
"BZG",629,18,,1,,1,,,,2
"BZG",629,19,,1,,1,,,,2
"BZG",629,20,,1,,1,,,,2
"BZG",629,21,,1,,1,,,,2
"BZG",629,22,,1,,1,,,,2
"BZG",629,23,,1,,1,,,,2
"BZG",629,24,,1,,1,,,,2
"BZG",629,25,,1,,1,,,,2
"BZG",629,26,,1,,1,,,,2
"BZG",629,27,,1,,1,,,,2
"BZG",629,28,,1,,1,,,,2
"BZG",629,29,,1,,1,,,,2
"BZG",629,30,,1,,1,,,,2
"BZG",629,31,,1,,1,,,,2
"BZG",629,32,,1,,1,,,,2
"BZG",629,33,,1,,1,,,,2
"BZG",629,34,,1,,1,,,,2
"BZG",629,35,,1,,1,,,,2
"BZG",629,36,,1,,1,,,,2
"BZG",629,37,,1,,1,,,,2
"BZG",629,38,,1,,1,,,,2
"BZG",629,39,,1,,1,,,,2
"BZG",629,40,,1,,1,,,,2
"BZG",629,41,,,,,,,,0
"BZG",629,43,,,,,,,,0
"BZG",629,45,,,,,,,,0
"BZG",629,47,,,,,,,,0
"BZG",629,49,,,,,,,,0
"BZG",629,51,,,,,,,,0
"BZG",630,14,,,,,,,,0
"BZG",630,18,,,,,,,,0
"BZG",630,22,,,,,,,,0
"BZG",630,26,,,,,,,,0
"BZG",630,30,,,,,,,,0
"BZG",630,34,,,,,,,,0
"BZG",630,38,,,,,,,,0
"BZG",631,4,,,,,,,,0
"BZG",631,8,,,,,,,,0
"BZG",631,12,,,,,,,,0
"BZG",631,16,,,,,,,,0
"BZG",631,20,,,,,,,,0
"BZG",631,24,,,,,,,,0
"BZG",631,28,,,,,,,,0
"BZG",631,32,,,,,,,,0
"BZG",631,36,,,,,,,,0
"BZG",631,40,,,,,,,,0
"BZG",631,48,,,,,,,,0
"BZG",631,52,,,,,,,,0
"BZG",632,11,,,,,,,,0
"BZG",634,16,,,,,,,,0
"BZG",635,13,,,,,,,,0
"BZG",639,13,,,,,,,,0
"BZG",639,16,,,,,,,,0
"BZG",639,18,,,,,,,,0
"BZG",639,20,,,,,,,,0
"BZG",639,22,,,,,,,,0
"BZG",639,24,,,,,,,,0
"BZG",639,26,,,,,,,,0
"BZG",639,28,,,,,,,,0
"BZG",639,30,,,,,,,,0
"BZG",639,32,,,,,,,,0
"BZG",639,34,,,,,,,,0
"BZG",639,36,,,,,,,,0
"BZG",639,38,,,,,,,,0
"BZG",639,40,,,,,,,,0
"CBP",1023,17,,,,,,,,0
"CBP",1023,18,,,,,,,,0
"CBP",1023,19,,,,,,,,0
"CBP",1023,20,,,,,,,,0
"CBP",1023,21,,,,,,,,0
"CBP",1023,22,,,,,,,,0
"CBP",1023,23,,,,,,,,0
"CBP",1023,24,,,,,,,,0
"CBP",1023,25,,,,,,,,0
"CBP",1023,26,,,,,,,,0
"CBP",1023,27,,,,,,,,0
"CBP",1023,28,,,,,,,,0
"CBP",1023,29,,,,,,,,0
"CBP",1023,30,,,,,,,,0
"CBP",1023,31,,,,,,,,0
"CBP",1023,32,,,,,,,,0
"CBP",1023,33,,,,,,,,0
"CBP",1023,34,,,,,,,,0
"CBP",1023,35,,,,,,,,0
"CBP",1023,36,,,,,,,,0
"CBP",1023,37,,,,,,,,0
"CBP",1023,38,,,,,,,,0
"CBP",1023,39,,,,,,,,0
"CBP",1023,40,,,,,,,,0
"CBP",1024,42,,,,,,,,0
"CLU",1021,1,1,1,1,1,1,,1,6
"CLU",1021,2,1,1,1,1,1,1,1,7
"CLU",1021,3,1,1,1,1,1,1,1,7
"CLU",1021,4,1,1,1,1,1,1,1,7
"CLU",1021,5,1,1,1,1,1,1,1,7
"CLU",1021,6,1,1,1,1,1,1,1,7
"CLU",1021,7,1,1,1,1,1,1,1,7
"CLU",1021,8,1,1,1,1,1,1,1,7
"CLU",1021,9,1,1,1,1,1,1,1,7
"CLU",1021,10,1,1,1,1,1,1,1,7
"CLU",1021,11,1,1,1,1,1,1,1,7
"CLU",1021,12,1,1,1,1,1,1,1,7
"CLU",1021,13,1,1,1,1,1,1,1,7
"CLU",1021,14,1,1,1,1,1,1,1,7
"CLU",1021,15,1,1,1,1,1,1,1,7
"CLU",1021,16,1,1,1,1,1,1,1,7
"CLU",1021,17,1,1,1,1,1,1,1,7
"CLU",1021,18,1,1,1,1,1,1,1,7
"CLU",1021,19,1,1,1,1,1,1,1,7
"CLU",1021,20,1,1,1,1,1,1,1,7
"CLU",1021,21,1,1,1,1,1,1,1,7
"CLU",1021,22,1,1,1,1,1,1,1,7
"CLU",1021,23,1,1,1,1,1,1,1,7
"CLU",1021,24,1,1,1,1,1,1,1,7
"CLU",1021,25,1,1,1,1,1,1,1,7
"CLU",1021,26,1,1,1,1,1,1,1,7
"CLU",1021,27,1,1,1,1,1,1,1,7
"CLU",1021,28,1,1,1,1,1,1,1,7
"CLU",1021,29,1,1,1,1,1,1,1,7
"CLU",1021,30,1,1,1,1,1,1,1,7
"CLU",1021,31,1,1,1,1,1,1,1,7
"CLU",1021,32,1,1,1,1,1,1,1,7
"CLU",1021,33,1,1,1,1,1,1,1,7
"CLU",1021,34,1,1,1,1,1,1,1,7
"CLU",1021,35,1,1,1,1,1,1,1,7
"CLU",1021,36,1,1,1,1,1,1,1,7
"CLU",1021,37,1,1,1,1,1,1,1,7
"CLU",1021,38,1,1,1,1,1,1,1,7
"CLU",1021,39,1,1,1,1,1,1,1,7
"CLU",1021,40,1,1,1,1,1,1,1,7
"CLU",1021,41,1,1,1,1,1,1,1,7
"CLU",1021,42,1,1,1,1,1,1,1,7
"CLU",1021,43,1,1,1,1,1,1,1,7
"CLU",1021,44,1,1,1,1,1,1,1,7
"CLU",1021,45,1,1,1,1,1,1,1,7
"CLU",1021,46,1,1,1,1,1,1,1,7
"CLU",1021,47,1,1,1,1,1,1,1,7
"CLU",1021,48,1,1,1,1,1,1,1,7
"CLU",1021,49,1,1,1,1,1,1,1,7
"CLU",1021,50,1,1,1,1,1,1,1,7
"CLU",1021,51,1,1,1,1,1,1,1,7
"CLU",1021,52,1,1,1,1,1,,1,6
"CMP",1022,1,,,,,,,,0
"CMP",1022,2,,,,,,,,0
"CMP",1022,3,,,,,,,,0
"CMP",1022,4,,,,,,,,0
"CMP",1022,5,,,,,,,,0
"CMP",1022,6,,,,,,,,0
"CMP",1022,7,,,,,,,,0
"CMP",1022,8,,,,,,,,0
"CMP",1022,9,,,,,,,,0
"CMP",1022,10,,,,,,,,0
"CMP",1022,11,,,,,,,,0
"CMP",1022,12,,,,,,,,0
"CMP",1022,13,,,,,,,,0
"CMP",1022,14,,,,,,,,0
"CMP",1022,15,,,,,,,,0
"CMP",1022,16,,,,,,,,0
"CMP",1022,17,,,,,,,,0
"CMP",1022,18,,,,,,,,0
"CMP",1022,19,,,,,,,,0
"CMP",1022,20,,,,,,,,0
"CMP",1022,21,,,,,,,,0
"CMP",1022,22,,,,,,,,0
"CMP",1022,23,,,,,,,,0
"CMP",1022,24,,,,,,,,0
"CMP",1022,25,,,,,,,,0
"CMP",1022,26,,,,,,,,0
"CMP",1022,27,,,,,,,,0
"CMP",1022,28,,,,,,,,0
"CMP",1022,29,,,,,,,,0
"CMP",1022,30,,,,,,,,0
"CMP",1022,31,,,,,,,,0
"CMP",1022,32,,,,,,,,0
"CMP",1022,33,,,,,,,,0
"CMP",1022,34,,,,,,,,0
"CMP",1022,35,,,,,,,,0
"CMP",1022,36,,,,,,,,0
"CMP",1022,37,,,,,,,,0
"CMP",1022,38,,,,,,,,0
"CMP",1022,39,,,,,,,,0
"CMP",1022,40,,,,,,,,0
"CMP",1022,41,,,,,,,,0
"CMP",1022,42,,,,,,,,0
"CMP",1022,43,,,,,,,,0
"CMP",1022,44,,,,,,,,0
"CMP",1022,45,,,,,,,,0
"CMP",1022,46,,,,,,,,0
"CMP",1022,47,,,,,,,,0
"CMP",1022,48,,,,,,,,0
"CMP",1022,49,,,,,,,,0
"CMP",1022,50,,,,,,,,0
"CMP",1022,51,,,,,,,,0
"CMP",1022,52,,,,,,,,0
"COT",522,17,,,,,,,,0
"COT",523,18,,,,,,,,0
"COT",523,19,,,,,,,,0
"COT",523,20,,,,,,,,0
"COT",523,21,,,,,,,,0
"COT",523,22,,,,,,,,0
"COT",523,23,,,,,,,,0
"COT",523,24,,,,,,,,0
"COT",523,25,,,,,,,,0
"COT",523,26,,,,,,,,0
"COT",523,27,,,,,,,,0
"COT",523,28,,,,,,,,0
"COT",523,29,,,,,,,,0
"COT",523,30,,,,,,,,0
"COT",523,31,,,,,,,,0
"COT",523,32,,,,,,,,0
"COT",523,33,,,,,,,,0
"COT",523,34,,,,,,,,0
"COT",523,35,,,,,,,,0
"COT",523,36,,,,,,,,0
"CSQ",542,3,,,,,,,,0
"CSQ",542,7,,,,,,,,0
"CSQ",542,11,,,,,,,,0
"CSQ",542,13,,,,,,,,0
"CSQ",542,14,,,,,,,,0
"CSQ",542,15,,,,,,,,0
"CSQ",542,16,,,,,,,,0
"CSQ",542,17,1,,,,1,,,2
"CSQ",542,18,1,,,,1,,,2
"CSQ",542,19,1,,,,1,,,2
"CSQ",542,20,1,,,,1,,,2
"CSQ",542,21,1,,,,1,,,2
"CSQ",542,22,1,,,,1,,,2
"CSQ",542,23,1,,,,1,,,2
"CSQ",542,24,1,,,,1,,,2
"CSQ",542,25,1,,,,1,,,2
"CSQ",542,26,1,,,,1,,,2
"CSQ",542,27,1,,,,1,,,2
"CSQ",542,28,1,,,,1,,,2
"CSQ",542,29,1,,,,1,,,2
"CSQ",542,30,1,,,,1,,,2
"CSQ",542,31,1,,,,1,,,2
"CSQ",542,32,1,,,,1,,,2
"CSQ",542,33,1,,,,1,,,2
"CSQ",542,34,1,,,,1,,,2
"CSQ",542,35,1,,,,1,,,2
"CSQ",542,36,1,,,,1,,,2
"CSQ",542,37,,,,,,,,0
"CSQ",542,38,,,,,,,,0
"CSQ",542,39,,,,,,,,0
"CSQ",542,40,,,,,,,,0
"CSQ",542,43,,,,,,,,0
"CSQ",542,47,,,,,,,,0
"CSQ",542,51,,,,,,,,0
"CSQ",544,10,,,,,,,,0
"CSQ",544,14,,,,,,,,0
"CSQ",544,17,,,,,,,,0
"CSQ",544,18,,,,,,,,0
"CSQ",544,19,,,,,,,,0
"CSQ",544,20,,,,,,,,0
"CSQ",544,21,,,,,,,,0
"CSQ",544,22,,,,,,,,0
"CSQ",544,23,,,,,,,,0
"CSQ",544,24,,,,,,,,0
"CSQ",544,25,,,,,,,,0
"CSQ",544,26,,,,,,,,0
"CSQ",544,27,,,,,,,,0
"CSQ",544,28,,,,,,,,0
"CSQ",544,29,,,,,,,,0
"CSQ",544,30,,,,,,,,0
"CSQ",544,31,,,,,,,,0
"CSQ",544,32,,,,,,,,0
"CSQ",544,33,,,,,,,,0
"CSQ",544,34,,,,,,,,0
"CSQ",544,35,,,,,,,,0
"CSQ",544,36,,,,,,,,0
"CSQ",545,13,,,,,,,,0
"CSQ",545,14,,,,,,,,0
"CSQ",545,15,,,,,,,,0
"CSQ",545,16,,,,,,,,0
"CSQ",545,17,,,,,,,,0
"CSQ",545,18,,,,,,,,0
"CSQ",545,19,,,,,,,,0
"CSQ",545,20,,,,,,,,0
"CSQ",545,21,,,,,,,,0
"CSQ",545,22,,,,,,,,0
"CSQ",545,23,,,,,,,,0
"CSQ",545,24,,,,,,,,0
"CSQ",545,25,,,,,,,,0
"CSQ",545,26,,,,,,,,0
"CSQ",545,27,,,,,,,,0
"CSQ",545,28,,,,,,,,0
"CSQ",545,29,,,,,,,,0
"CSQ",545,30,,,,,,,,0
"CSQ",545,31,,,,,,,,0
"CSQ",545,32,,,,,,,,0
"CSQ",545,33,,,,,,,,0
"CSQ",545,34,,,,,,,,0
"CSQ",545,35,,,,,,,,0
"CSQ",545,36,,,,,,,,0
"CSQ",548,13,,,,,,,,0
"CSQ",549,16,,,,,,,,0
"CSW",556,17,,,,,,,,0
"CSW",556,18,,,,,,,,0
"CSW",556,19,,,,,,,,0
"CSW",556,20,,,,,,,,0
"CSW",556,21,,,,,,,,0
"CSW",556,22,,,,,,,,0
"CSW",556,23,,,,,,,,0
"CSW",556,24,,,,,,,,0
"CSW",556,25,,,,,,,,0
"CSW",556,26,,,,,,,,0
"CSW",556,27,,,,,,,,0
"CSW",556,28,,,,,,,,0
"CSW",556,29,,,,,,,,0
"CSW",556,30,,,,,,,,0
"CSW",556,31,,,,,,,,0
"CSW",556,32,,,,,,,,0
"CSW",556,33,,,,,,,,0
"CSW",556,34,,,,,,,,0
"CSW",556,35,,,,,,,,0
"CSW",556,36,,,,,,,,0
"CSW",557,17,,,,,,,,0
"CSW",557,18,,,,,,,,0
"CSW",557,19,,,,,,,,0
"CSW",557,20,,,,,,,,0
"CSW",557,21,,,,,,,,0
"CSW",557,22,,,,,,,,0
"CSW",557,23,,,,,,,,0
"CSW",557,24,,,,,,,,0
"CSW",557,25,,,,,,,,0
"CSW",557,26,,,,,,,,0
"CSW",557,27,,,,,,,,0
"CSW",557,28,,,,,,,,0
"CSW",557,29,,,,,,,,0
"CSW",557,30,,,,,,,,0
"CSW",557,31,,,,,,,,0
"CSW",557,32,,,,,,,,0
"CSW",557,33,,,,,,,,0
"CSW",557,34,,,,,,,,0
"CSW",557,35,,,,,,,,0
"CSW",557,36,,,,,,,,0
"CSW",558,18,,,,,,,,0
"CSW",558,19,,,,,,,,0
"CSW",558,20,,,,,,,,0
"CSW",558,21,,,,,,,,0
"CSW",558,22,,,,,,,,0
"CSW",558,23,,,,,,,,0
"CSW",558,24,,,,,,,,0
"CSW",558,25,,,,,,,,0
"CSW",558,26,,,,,,,,0
"CSW",558,27,,,,,,,,0
"CSW",558,28,,,,,,,,0
"CSW",558,29,,,,,,,,0
"CSW",558,30,,,,,,,,0
"CSW",558,31,,,,,,,,0
"CSW",558,32,,,,,,,,0
"CSW",558,33,,,,,,,,0
"CSW",558,34,,,,,,,,0
"CSW",558,35,,,,,,,,0
"FPP",1040,1,,,,,,,,0
"FPP",1040,3,,,,,,,,0
"FPP",1040,6,,,,,,,,0
"FPP",1040,10,,,,,,,,0
"FPP",1040,45,,,,,,,,0
"FPP",1040,47,,,,,,,,0
"FPP",1040,49,,,,,,,,0
"FPP",1040,51,,,,,,,,0
"GA1",119,18,,,,,,,,0
"GA1",119,20,,,,,,,,0
"GA1",119,22,,,,,,,,0
"GA1",119,24,,,,,,,,0
"GA1",119,26,,,,,,,,0
"GA1",119,28,,,,,,,,0
"GA1",119,30,,,,,,,,0
"GA1",119,32,,,,,,,,0
"GA1",119,34,,,,,,,,0
"GA1",119,36,,,,,,,,0
"GA1",119,38,,,,,,,,0
"GA1",119,40,,,,,,,,0
"GA2",120,18,,,,,,,,0
"GA2",120,20,,,,,,,,0
"GA2",120,22,,,,,,,,0
"GA2",120,24,,,,,,,,0
"GA2",120,26,,,,,,,,0
"GA2",120,28,,,,,,,,0
"GA2",120,30,,,,,,,,0
"GA2",120,32,,,,,,,,0
"GA2",120,34,,,,,,,,0
"GA2",120,36,,,,,,,,0
"GA2",120,38,,,,,,,,0
"GA2",120,40,,,,,,,,0
"GAC",123,18,,,,,,,,0
"GAC",123,20,,,,,,,,0
"GAC",123,22,,,,,,,,0
"GAC",123,24,,,,,,,,0
"GAC",123,26,,,,,,,,0
"GAC",123,28,,,,,,,,0
"GAC",123,30,,,,,,,,0
"GAC",123,32,,,,,,,,0
"GAC",123,34,,,,,,,,0
"GAC",123,36,,,,,,,,0
"GAC",123,38,,,,,,,,0
"GAC",123,40,,,,,,,,0
"GG1",115,17,,,,,,,,0
"GG1",115,19,,,,,,,,0
"GG1",115,21,,,,,,,,0
"GG1",115,23,,,,,,,,0
"GG1",115,25,,,,,,,,0
"GG1",115,27,,,,,,,,0
"GG1",115,29,,,,,,,,0
"GG1",115,31,,,,,,,,0
"GG1",115,33,,,,,,,,0
"GG1",115,35,,,,,,,,0
"GG1",115,37,,,,,,,,0
"GG1",115,39,,,,,,,,0
"GGC",116,18,,,,,,,,0
"GGC",116,20,,,,,,,,0
"GGC",116,22,,,,,,,,0
"GGC",116,24,,,,,,,,0
"GGC",116,26,,,,,,,,0
"GGC",116,28,,,,,,,,0
"GGC",116,30,,,,,,,,0
"GGC",116,32,,,,,,,,0
"GGC",116,34,,,,,,,,0
"GGC",116,36,,,,,,,,0
"GO1",102,15,,,,,,,,0
"GO1",102,17,,,,,,,,0
"GO1",102,19,,,,,,,,0
"GO1",102,21,,,,,,,,0
"GO1",102,23,,,,,,,,0
"GO1",102,25,,,,,,,,0
"GO1",102,27,,,,,,,,0
"GO1",102,29,,,,,,,,0
"GO1",102,31,,,,,,,,0
"GO1",102,33,,,,,,,,0
"GO1",102,35,,,,,,,,0
"GO1",102,37,,,,,,,,0
"GO1",102,39,,,,,,,,0
"GO1",105,10,,,,,,,,0
"GO1",105,12,,,,,,,,0
"GO1",105,13,,,,,,,,0
"GO1",105,14,,,,,,,,0
"GO1",105,15,,,,,,,,0
"GO1",105,16,,,,,,,,0
"GO1",105,17,,,,,,,,0
"GO1",105,18,,,,,,,,0
"GO1",105,19,,,,,,,,0
"GO1",105,20,,,,,,,,0
"GO1",105,21,,,,,,,,0
"GO1",105,22,,,,,,,,0
"GO1",105,23,,,,,,,,0
"GO1",105,24,,,,,,,,0
"GO1",105,25,,,,,,,,0
"GO1",105,26,,,,,,,,0
"GO1",105,27,,,,,,,,0
"GO1",105,28,,,,,,,,0
"GO1",105,29,,,,,,,,0
"GO1",105,30,,,,,,,,0
"GO1",105,31,,,,,,,,0
"GO1",105,32,,,,,,,,0
"GO1",105,33,,,,,,,,0
"GO1",105,34,,,,,,,,0
"GO1",105,35,,,,,,,,0
"GO1",105,36,,,,,,,,0
"GO1",105,37,,,,,,,,0
"GO1",105,38,,,,,,,,0
"GO1",105,39,,,,,,,,0
"GO1",105,40,,,,,,,,0
"GV0",3004,11,,,,,,,,0
"GV0",3004,13,,,,,,,,0
"GV0",3004,15,,,,,,,,0
"GV0",3004,17,,,,,,,,0
"GV0",3004,19,,,,,,,,0
"GV0",3004,21,,,,,,,,0
"GV0",3004,23,,,,,,,,0
"GV0",3004,25,,,,,,,,0
"GV0",3004,27,,,,,,,,0
"GV0",3004,29,,,,,,,,0
"GV0",3004,31,,,,,,,,0
"GV0",3004,33,,,,,,,,0
"GV0",3004,35,,,,,,,,0
"GV0",3004,37,,,,,,,,0
"GV0",3004,39,,,,,,,,0
"GV0",3004,41,,,,,,,,0
"GV1",3004,10,,,,,,,,0
"GV1",3004,12,,,,,,,,0
"GV1",3004,14,,,,,,,,0
"GV1",3004,16,,,,,,,,0
"GV1",3004,18,,,,,,,,0
"GV1",3004,20,,,,,,,,0
"GV1",3004,22,,,,,,,,0
"GV1",3004,24,,,,,,,,0
"GV1",3004,26,,,,,,,,0
"GV1",3004,28,,,,,,,,0
"GV1",3004,30,,,,,,,,0
"GV1",3004,32,,,,,,,,0
"GV1",3004,34,,,,,,,,0
"GV1",3004,36,,,,,,,,0
"GV1",3004,38,,,,,,,,0
"GV1",3004,40,,,,,,,,0
"KID",1050,1,,1,1,1,1,1,1,6
"KID",1050,2,1,1,1,1,1,1,1,7
"KID",1050,3,1,1,1,1,1,1,1,7
"KID",1050,4,1,1,1,1,1,1,1,7
"KID",1050,5,1,1,1,1,1,1,1,7
"KID",1050,6,1,1,1,1,1,1,1,7
"KID",1050,7,1,1,1,1,1,1,1,7
"KID",1050,8,1,1,1,1,1,1,1,7
"KID",1050,9,1,1,1,1,1,1,1,7
"KID",1050,10,1,1,1,1,1,1,1,7
"KID",1050,11,1,1,1,1,1,1,1,7
"KID",1050,12,1,1,1,1,1,1,1,7
"KID",1050,13,1,1,1,1,1,1,1,7
"KID",1050,14,1,1,1,1,1,1,1,7
"KID",1050,15,1,1,1,1,1,1,1,7
"KID",1050,16,1,1,1,1,1,1,1,7
"KID",1050,17,1,1,1,1,1,1,1,7
"KID",1050,18,1,1,1,1,1,1,1,7
"KID",1050,19,1,1,1,1,1,1,1,7
"KID",1050,20,1,1,1,1,1,1,1,7
"KID",1050,21,1,1,1,1,1,1,1,7
"KID",1050,22,1,1,1,1,1,1,1,7
"KID",1050,23,1,1,1,1,1,1,1,7
"KID",1050,24,1,1,1,1,1,1,1,7
"KID",1050,25,1,1,1,1,1,1,1,7
"KID",1050,26,1,1,1,1,1,1,1,7
"KID",1050,27,1,1,1,1,1,1,1,7
"KID",1050,28,1,1,1,1,1,1,1,7
"KID",1050,29,1,1,1,1,1,1,1,7
"KID",1050,30,1,1,1,1,1,1,1,7
"KID",1050,31,1,1,1,1,1,1,1,7
"KID",1050,32,1,1,1,1,1,1,1,7
"KID",1050,33,1,1,1,1,1,1,1,7
"KID",1050,34,1,1,1,1,1,1,1,7
"KID",1050,35,1,1,1,1,1,1,1,7
"KID",1050,36,1,1,1,1,1,1,1,7
"KID",1050,37,1,1,1,1,1,1,1,7
"KID",1050,38,1,1,1,1,1,1,1,7
"KID",1050,39,1,1,1,1,1,1,1,7
"KID",1050,40,1,1,1,1,1,1,1,7
"KID",1050,41,1,1,1,1,1,1,1,7
"KID",1050,42,1,1,1,1,1,1,1,7
"KID",1050,43,1,1,1,1,1,1,1,7
"KID",1050,44,1,1,1,1,1,1,1,7
"KID",1050,45,1,1,1,1,1,1,1,7
"KID",1050,46,1,1,1,1,1,1,1,7
"KID",1050,47,1,1,1,1,1,1,1,7
"KID",1050,48,1,1,1,1,1,1,1,7
"KID",1050,49,1,1,1,1,1,1,1,7
"KID",1050,50,1,1,1,1,1,1,1,7
"KID",1050,51,1,1,1,1,1,1,1,7
"KID",1050,52,,1,1,1,1,1,1,6
"KSA",1051,1,,1,,1,,,1,3
"KSA",1051,2,,1,,1,,1,1,4
"KSA",1051,3,,1,,1,,1,1,4
"KSA",1051,4,,1,,1,,1,1,4
"KSA",1051,5,,1,,1,,1,1,4
"KSA",1051,6,,1,,1,,1,1,4
"KSA",1051,7,,1,,1,,1,1,4
"KSA",1051,8,,1,,1,,1,1,4
"KSA",1051,9,,1,,1,,1,1,4
"KSA",1051,10,,1,,1,,1,1,4
"KSA",1051,11,,1,,1,,1,1,4
"KSA",1051,12,,1,,,,1,1,3
"KSA",1051,13,,1,,1,,1,1,4
"KSA",1051,14,,1,,1,,1,1,4
"KSA",1051,15,,1,,1,,1,1,4
"KSA",1051,16,,1,,1,,1,1,4
"KSA",1051,17,,1,,1,,1,1,4
"KSA",1051,18,,1,,1,,1,1,4
"KSA",1051,19,,1,,1,,1,1,4
"KSA",1051,20,,1,,1,,1,1,4
"KSA",1051,21,,1,,1,,1,1,4
"KSA",1051,22,,1,,1,,1,1,4
"KSA",1051,23,,1,,1,,1,1,4
"KSA",1051,24,,1,,1,,1,1,4
"KSA",1051,25,,1,,1,,1,1,4
"KSA",1051,26,,1,,1,,1,1,4
"KSA",1051,27,,1,,1,,1,1,4
"KSA",1051,28,,1,,1,,1,1,4
"KSA",1051,29,,1,,1,,1,1,4
"KSA",1051,30,,1,,1,,1,1,4
"KSA",1051,31,,1,,1,,1,1,4
"KSA",1051,32,,1,,1,,1,1,4
"KSA",1051,33,,1,,1,,1,1,4
"KSA",1051,34,,1,,1,,1,1,4
"KSA",1051,35,,1,,1,,1,1,4
"KSA",1051,36,,1,,1,,1,1,4
"KSA",1051,37,,1,,1,,1,1,4
"KSA",1051,38,,1,,1,,1,1,4
"KSA",1051,39,,1,,1,,1,1,4
"KSA",1051,40,,1,,1,,1,1,4
"KSA",1051,41,,1,,1,,1,1,4
"KSA",1051,42,,1,,1,,1,1,4
"KSA",1051,43,,1,,1,,1,1,4
"KSA",1051,44,,1,,1,,1,1,4
"KSA",1051,45,,1,,1,,1,1,4
"KSA",1051,46,,1,,1,,1,1,4
"KSA",1051,47,,1,,1,,1,1,4
"KSA",1051,48,,1,,1,,1,1,4
"KSA",1051,49,,1,,1,,1,1,4
"KSA",1051,50,,1,,1,,1,1,4
"KSA",1051,51,,1,,1,,1,1,4
"KSA",1051,52,,1,,1,,,1,3
"KSA",1053,1,,1,,,,,,1
"KSA",1053,2,,1,,,,1,,2
"KSA",1053,3,,1,,,,1,,2
"KSA",1053,4,,1,,,,1,,2
"KSA",1053,5,,1,,,,1,,2
"KSA",1053,6,,1,,,,1,,2
"KSA",1053,7,,1,,,,1,,2
"KSA",1053,8,,1,,,,1,,2
"KSA",1053,9,,1,,,,1,,2
"KSA",1053,10,,1,,,,1,,2
"KSA",1053,11,,1,,,,1,,2
"KSA",1053,12,,1,,1,,,,2
"KSA",1053,13,,1,,,,1,,2
"KSA",1053,14,,1,,,,1,,2
"KSA",1053,15,,1,,,,1,,2
"KSA",1053,16,,1,,,,1,,2
"KSA",1053,17,,1,,,,1,,2
"KSA",1053,18,,1,,,,1,,2
"KSA",1053,19,,1,,,,1,,2
"KSA",1053,20,,1,,,,1,,2
"KSA",1053,21,,1,,,,1,,2
"KSA",1053,22,,1,,,,1,,2
"KSA",1053,23,,1,,,,1,,2
"KSA",1053,24,,1,,,,1,,2
"KSA",1053,25,,1,,,,1,,2
"KSA",1053,26,,1,,,,1,,2
"KSA",1053,27,,1,,,,1,,2
"KSA",1053,28,,1,,,,1,,2
"KSA",1053,29,,1,,,,1,,2
"KSA",1053,30,,1,,,,1,,2
"KSA",1053,31,,1,,,,1,,2
"KSA",1053,32,,1,,,,1,,2
"KSA",1053,33,,1,,,,1,,2
"KSA",1053,34,,1,,,,1,,2
"KSA",1053,35,,1,,,,1,,2
"KSA",1053,36,,1,,,,1,,2
"KSA",1053,37,,1,,,,1,,2
"KSA",1053,38,,1,,,,1,,2
"KSA",1053,39,,1,,,,1,,2
"KSA",1053,40,,1,,,,1,,2
"KSA",1053,41,,1,,,,1,,2
"KSA",1053,42,,1,,,,1,,2
"KSA",1053,43,,1,,,,1,,2
"KSA",1053,44,,1,,,,1,,2
"KSA",1053,45,,1,,,,1,,2
"KSA",1053,46,,1,,,,1,,2
"KSA",1053,47,,1,,,,1,,2
"KSA",1053,48,,1,,,,1,,2
"KSA",1053,49,,1,,,,1,,2
"KSA",1053,50,,1,,,,1,,2
"KSA",1053,51,,1,,,,1,,2
"KSA",1053,52,,1,,,,,,1
"KSS",1040,1,,,,,,,,0
"KSS",1040,3,,,,,,,,0
"KSS",1040,6,,,,,,,,0
"KSS",1040,10,,,,,,,,0
"KSS",1040,45,,,,,,,,0
"KSS",1040,47,,,,,,,,0
"KSS",1040,49,,,,,,,,0
"KSS",1040,51,,,,,,,,0
"LB1",1005,1,1,1,1,1,1,,1,6
"LB1",1005,2,1,1,1,1,1,1,1,7
"LB1",1005,3,1,1,1,1,1,1,1,7
"LB1",1005,4,1,1,1,1,1,1,1,7
"LB1",1005,5,1,1,1,1,1,1,1,7
"LB1",1005,6,1,1,1,1,1,1,1,7
"LB1",1005,7,1,1,1,1,1,1,1,7
"LB1",1005,8,1,1,1,1,1,1,1,7
"LB1",1005,9,1,1,1,1,1,1,1,7
"LB1",1005,10,1,1,1,1,1,1,1,7
"LB1",1005,11,1,1,1,1,1,1,1,7
"LB1",1005,12,1,1,1,1,1,1,1,7
"LB1",1005,13,1,1,1,1,1,1,1,7
"LB1",1005,14,1,1,1,1,1,1,1,7
"LB1",1005,15,1,1,1,1,1,1,1,7
"LB1",1005,16,1,1,1,1,1,1,1,7
"LB1",1005,17,1,1,1,1,1,1,1,7
"LB1",1005,18,1,1,1,1,1,1,1,7
"LB1",1005,19,1,1,1,1,1,1,1,7
"LB1",1005,20,1,1,1,1,1,1,1,7
"LB1",1005,21,1,1,1,1,1,1,1,7
"LB1",1005,22,1,1,1,1,1,1,1,7
"LB1",1005,23,1,1,1,1,1,1,1,7
"LB1",1005,24,1,1,1,1,1,1,1,7
"LB1",1005,25,1,1,1,1,1,1,1,7
"LB1",1005,26,1,1,1,1,1,1,1,7
"LB1",1005,27,1,1,1,1,1,1,1,7
"LB1",1005,28,1,1,1,1,1,1,1,7
"LB1",1005,29,1,1,1,1,1,1,1,7
"LB1",1005,30,1,1,1,1,1,1,1,7
"LB1",1005,31,1,1,1,1,1,1,1,7
"LB1",1005,32,1,1,1,1,1,1,1,7
"LB1",1005,33,1,1,1,1,1,1,1,7
"LB1",1005,34,1,1,1,1,1,1,1,7
"LB1",1005,35,1,1,1,1,1,1,1,7
"LB1",1005,36,1,1,1,1,1,1,1,7
"LB1",1005,37,1,1,1,1,1,1,1,7
"LB1",1005,38,1,1,1,1,1,1,1,7
"LB1",1005,39,1,1,1,1,1,1,1,7
"LB1",1005,40,1,1,1,1,1,1,1,7
"LB1",1005,41,1,1,1,1,1,1,1,7
"LB1",1005,42,1,1,1,1,1,1,1,7
"LB1",1005,43,1,1,1,1,1,1,1,7
"LB1",1005,44,1,1,1,1,1,1,1,7
"LB1",1005,45,1,1,1,1,1,1,1,7
"LB1",1005,46,1,1,1,1,1,1,1,7
"LB1",1005,47,1,1,1,1,1,1,1,7
"LB1",1005,48,1,1,1,1,1,1,1,7
"LB1",1005,49,1,1,1,1,1,1,1,7
"LB1",1005,50,1,1,1,1,1,1,1,7
"LB1",1005,51,1,1,1,1,1,1,1,7
"LB1",1005,52,1,1,1,1,1,,1,6
"LB1",1011,1,1,1,1,1,1,,1,6
"LB1",1011,2,1,1,1,1,1,1,1,7
"LB1",1011,3,1,1,1,1,1,1,1,7
"LB1",1011,4,1,1,1,1,1,1,1,7
"LB1",1011,5,1,1,1,1,1,1,1,7
"LB1",1011,6,1,1,1,1,1,1,1,7
"LB1",1011,7,1,1,1,1,1,1,1,7
"LB1",1011,8,1,1,1,1,1,1,1,7
"LB1",1011,9,1,1,1,1,1,1,1,7
"LB1",1011,10,1,1,1,1,1,1,1,7
"LB1",1011,11,1,1,1,1,1,1,1,7
"LB1",1011,12,1,1,1,1,1,1,1,7
"LB1",1011,13,1,1,1,1,1,1,1,7
"LB1",1011,14,1,1,1,1,1,1,1,7
"LB1",1011,15,1,1,1,1,1,1,1,7
"LB1",1011,16,1,1,1,1,1,1,1,7
"LB1",1011,17,1,1,1,1,1,1,1,7
"LB1",1011,18,1,1,1,1,1,1,1,7
"LB1",1011,19,1,1,1,1,1,1,1,7
"LB1",1011,20,1,1,1,1,1,1,1,7
"LB1",1011,21,1,1,1,1,1,1,1,7
"LB1",1011,22,1,1,1,1,1,1,1,7
"LB1",1011,23,1,1,1,1,1,1,1,7
"LB1",1011,24,1,1,1,1,1,1,1,7
"LB1",1011,25,1,1,1,1,1,1,1,7
"LB1",1011,26,1,1,1,1,1,1,1,7
"LB1",1011,27,1,1,1,1,1,1,1,7
"LB1",1011,28,1,1,1,1,1,1,1,7
"LB1",1011,29,1,1,1,1,1,1,1,7
"LB1",1011,30,1,1,1,1,1,1,1,7
"LB1",1011,31,1,1,1,1,1,1,1,7
"LB1",1011,32,1,1,1,1,1,1,1,7
"LB1",1011,33,1,1,1,1,1,1,1,7
"LB1",1011,34,1,1,1,1,1,1,1,7
"LB1",1011,35,1,1,1,1,1,1,1,7
"LB1",1011,36,1,1,1,1,1,1,1,7
"LB1",1011,37,1,1,1,1,1,1,1,7
"LB1",1011,38,1,1,1,1,1,1,1,7
"LB1",1011,39,1,1,1,1,1,1,1,7
"LB1",1011,40,1,1,1,1,1,1,1,7
"LB1",1011,41,1,1,1,1,1,1,1,7
"LB1",1011,42,1,1,1,1,1,1,1,7
"LB1",1011,43,1,1,1,1,1,1,1,7
"LB1",1011,44,1,1,1,1,1,1,1,7
"LB1",1011,45,1,1,1,1,1,1,1,7
"LB1",1011,46,1,1,1,1,1,1,1,7
"LB1",1011,47,1,1,1,1,1,1,1,7
"LB1",1011,48,1,1,1,1,1,1,1,7
"LB1",1011,49,1,1,1,1,1,1,1,7
"LB1",1011,50,1,1,1,1,1,1,1,7
"LB1",1011,51,1,1,1,1,1,1,1,7
"LB1",1011,52,1,1,1,1,1,,1,6
"LB2",1006,1,,1,,,,,,1
"LB2",1006,2,,1,,,,,,1
"LB2",1006,3,,1,,,,,,1
"LB2",1006,4,,1,,,,,,1
"LB2",1006,5,,1,,,,,,1
"LB2",1006,6,,1,,,,,,1
"LB2",1006,7,,1,,,,,,1
"LB2",1006,8,,1,,,,,,1
"LB2",1006,9,,1,,,,,,1
"LB2",1006,10,,1,,,,,,1
"LB2",1006,11,,1,,,,,,1
"LB2",1006,12,,1,,,,,,1
"LB2",1006,13,,1,,,,,,1
"LB2",1006,14,,1,,,,,,1
"LB2",1006,15,,1,,,,,,1
"LB2",1006,16,,1,,,,,,1
"LB2",1006,17,,1,,,,,,1
"LB2",1006,18,,1,,,,,,1
"LB2",1006,19,,1,,,,,,1
"LB2",1006,20,,1,,,,,,1
"LB2",1006,21,,1,,,,,,1
"LB2",1006,22,,1,,,,,,1
"LB2",1006,23,,1,,,,,,1
"LB2",1006,24,,1,,,,,,1
"LB2",1006,25,,1,,,,,,1
"LB2",1006,26,,1,,,,,,1
"LB2",1006,27,,1,,,,,,1
"LB2",1006,28,,1,,,,,,1
"LB2",1006,29,,1,,,,,,1
"LB2",1006,30,,1,,,,,,1
"LB2",1006,31,,1,,,,,,1
"LB2",1006,32,,1,,,,,,1
"LB2",1006,33,,1,,,,,,1
"LB2",1006,34,,1,,,,,,1
"LB2",1006,35,,1,,,,,,1
"LB2",1006,36,,1,,,,,,1
"LB2",1006,37,,1,,,,,,1
"LB2",1006,38,,1,,,,,,1
"LB2",1006,39,,1,,,,,,1
"LB2",1006,40,,1,,,,,,1
"LB2",1006,41,,1,,,,,,1
"LB2",1006,42,,1,,,,,,1
"LB2",1006,43,,1,,,,,,1
"LB2",1006,44,,1,,,,,,1
"LB2",1006,45,,1,,,,,,1
"LB2",1006,46,,1,,,,,,1
"LB2",1006,47,,1,,,,,,1
"LB2",1006,48,,1,,,,,,1
"LB2",1006,49,,1,,,,,,1
"LB2",1006,50,,1,,,,,,1
"LB2",1006,51,,1,,,,,,1
"LB2",1006,52,,1,,,,,,1
"LB2",1012,1,,1,,,,,,1
"LB2",1012,2,,1,,,,,,1
"LB2",1012,3,,1,,,,,,1
"LB2",1012,4,,1,,,,,,1
"LB2",1012,5,,1,,,,,,1
"LB2",1012,6,,1,,,,,,1
"LB2",1012,7,,1,,,,,,1
"LB2",1012,8,,1,,,,,,1
"LB2",1012,9,,1,,,,,,1
"LB2",1012,10,,1,,,,,,1
"LB2",1012,11,,1,,,,,,1
"LB2",1012,12,,1,,,,,,1
"LB2",1012,13,,1,,,,,,1
"LB2",1012,14,,1,,,,,,1
"LB2",1012,15,,1,,,,,,1
"LB2",1012,16,,1,,,,,,1
"LB2",1012,17,,1,,,,,,1
"LB2",1012,18,,1,,,,,,1
"LB2",1012,19,,1,,,,,,1
"LB2",1012,20,,1,,,,,,1
"LB2",1012,21,,1,,,,,,1
"LB2",1012,22,,1,,,,,,1
"LB2",1012,23,,1,,,,,,1
"LB2",1012,24,,1,,,,,,1
"LB2",1012,25,,1,,,,,,1
"LB2",1012,26,,1,,,,,,1
"LB2",1012,27,,1,,,,,,1
"LB2",1012,28,,1,,,,,,1
"LB2",1012,29,,1,,,,,,1
"LB2",1012,30,,1,,,,,,1
"LB2",1012,31,,1,,,,,,1
"LB2",1012,32,,1,,,,,,1
"LB2",1012,33,,1,,,,,,1
"LB2",1012,34,,1,,,,,,1
"LB2",1012,35,,1,,,,,,1
"LB2",1012,36,,1,,,,,,1
"LB2",1012,37,,1,,,,,,1
"LB2",1012,38,,1,,,,,,1
"LB2",1012,39,,1,,,,,,1
"LB2",1012,40,,1,,,,,,1
"LB2",1012,41,,1,,,,,,1
"LB2",1012,42,,1,,,,,,1
"LB2",1012,43,,1,,,,,,1
"LB2",1012,44,,1,,,,,,1
"LB2",1012,45,,1,,,,,,1
"LB2",1012,46,,1,,,,,,1
"LB2",1012,47,,1,,,,,,1
"LB2",1012,48,,1,,,,,,1
"LB2",1012,49,,1,,,,,,1
"LB2",1012,50,,1,,,,,,1
"LB2",1012,51,,1,,,,,,1
"LB2",1012,52,,1,,,,,,1
"LB3",1007,1,1,,1,,1,,,3
"LB3",1007,2,1,,1,,1,,,3
"LB3",1007,3,1,,1,,1,,,3
"LB3",1007,4,1,,1,,1,,,3
"LB3",1007,5,1,,1,,1,,,3
"LB3",1007,6,1,,1,,1,,,3
"LB3",1007,7,1,,1,,1,,,3
"LB3",1007,8,1,,1,,1,,,3
"LB3",1007,9,1,,1,,1,,,3
"LB3",1007,10,1,,1,,1,,,3
"LB3",1007,11,1,,1,,1,,,3
"LB3",1007,12,1,,1,,1,,,3
"LB3",1007,13,1,,1,,1,,,3
"LB3",1007,14,1,,1,,1,,,3
"LB3",1007,15,1,,1,,1,,,3
"LB3",1007,16,1,,1,,1,,,3
"LB3",1007,17,1,,1,,1,,,3
"LB3",1007,18,1,,1,,1,,,3
"LB3",1007,19,1,,1,,1,,,3
"LB3",1007,20,1,,1,,1,,,3
"LB3",1007,21,1,,1,,1,,,3
"LB3",1007,22,1,,1,,1,,,3
"LB3",1007,23,1,,1,,1,,,3
"LB3",1007,24,1,,1,,1,,,3
"LB3",1007,25,1,,1,,1,,,3
"LB3",1007,26,1,,1,,1,,,3
"LB3",1007,27,1,,1,,1,,,3
"LB3",1007,28,1,,1,,1,,,3
"LB3",1007,29,1,,1,,1,,,3
"LB3",1007,30,1,,1,,1,,,3
"LB3",1007,31,1,,1,,1,,,3
"LB3",1007,32,1,,1,,1,,,3
"LB3",1007,33,1,,1,,1,,,3
"LB3",1007,34,1,,1,,1,,,3
"LB3",1007,35,1,,1,,1,,,3
"LB3",1007,36,1,,1,,1,,,3
"LB3",1007,37,1,,1,,1,,,3
"LB3",1007,38,1,,1,,1,,,3
"LB3",1007,39,1,,1,,1,,,3
"LB3",1007,40,1,,1,,1,,,3
"LB3",1007,41,1,,1,,1,,,3
"LB3",1007,42,1,,1,,1,,,3
"LB3",1007,43,1,,1,,1,,,3
"LB3",1007,44,1,,1,,1,,,3
"LB3",1007,45,1,,1,,1,,,3
"LB3",1007,46,1,,1,,1,,,3
"LB3",1007,47,1,,1,,1,,,3
"LB3",1007,48,1,,1,,1,,,3
"LB3",1007,49,1,,1,,1,,,3
"LB3",1007,50,1,,1,,1,,,3
"LB3",1007,51,1,,1,,1,,,3
"LB3",1007,52,1,,1,,1,,,3
"LB3",1013,1,1,,1,,1,,,3
"LB3",1013,2,1,,1,,1,,,3
"LB3",1013,3,1,,1,,1,,,3
"LB3",1013,4,1,,1,,1,,,3
"LB3",1013,5,1,,1,,1,,,3
"LB3",1013,6,1,,1,,1,,,3
"LB3",1013,7,1,,1,,1,,,3
"LB3",1013,8,1,,1,,1,,,3
"LB3",1013,9,1,,1,,1,,,3
"LB3",1013,10,1,,1,,1,,,3
"LB3",1013,11,1,,1,,1,,,3
"LB3",1013,12,1,,1,,1,,,3
"LB3",1013,13,1,,1,,1,,,3
"LB3",1013,14,1,,1,,1,,,3
"LB3",1013,15,1,,1,,1,,,3
"LB3",1013,16,1,,1,,1,,,3
"LB3",1013,17,1,,1,,1,,,3
"LB3",1013,18,1,,1,,1,,,3
"LB3",1013,19,1,,1,,1,,,3
"LB3",1013,20,1,,1,,1,,,3
"LB3",1013,21,1,,1,,1,,,3
"LB3",1013,22,1,,1,,1,,,3
"LB3",1013,23,1,,1,,1,,,3
"LB3",1013,24,1,,1,,1,,,3
"LB3",1013,25,1,,1,,1,,,3
"LB3",1013,26,1,,1,,1,,,3
"LB3",1013,27,1,,1,,1,,,3
"LB3",1013,28,1,,1,,1,,,3
"LB3",1013,29,1,,1,,1,,,3
"LB3",1013,30,1,,1,,1,,,3
"LB3",1013,31,1,,1,,1,,,3
"LB3",1013,32,1,,1,,1,,,3
"LB3",1013,33,1,,1,,1,,,3
"LB3",1013,34,1,,1,,1,,,3
"LB3",1013,35,1,,1,,1,,,3
"LB3",1013,36,1,,1,,1,,,3
"LB3",1013,37,1,,1,,1,,,3
"LB3",1013,38,1,,1,,1,,,3
"LB3",1013,39,1,,1,,1,,,3
"LB3",1013,40,1,,1,,1,,,3
"LB3",1013,41,1,,1,,1,,,3
"LB3",1013,42,1,,1,,1,,,3
"LB3",1013,43,1,,1,,1,,,3
"LB3",1013,44,1,,1,,1,,,3
"LB3",1013,45,1,,1,,1,,,3
"LB3",1013,46,1,,1,,1,,,3
"LB3",1013,47,1,,1,,1,,,3
"LB3",1013,48,1,,1,,1,,,3
"LB3",1013,49,1,,1,,1,,,3
"LB3",1013,50,1,,1,,1,,,3
"LB3",1013,51,1,,1,,1,,,3
"LB3",1013,52,1,,1,,1,,,3
"LBA",2015,13,,,,,,,,0
"LBA",2015,17,,,,,,,,0
"LBA",2015,21,,,,,,,,0
"LBA",2015,25,,,,,,,,0
"LBA",2015,29,,,,,,,,0
"LBA",2015,33,,,,,,,,0
"LBA",2015,37,,,,,,,,0
"LBC",2105,1,1,1,1,1,1,1,1,7
"LBC",2105,2,1,1,1,1,1,1,1,7
"LBC",2105,3,1,1,1,1,1,1,1,7
"LBC",2105,4,1,1,1,1,1,1,1,7
"LBC",2105,5,1,1,1,1,1,1,1,7
"LBC",2105,6,1,1,1,1,1,1,1,7
"LBC",2105,7,1,1,1,1,1,1,1,7
"LBC",2105,8,1,1,1,1,1,1,1,7
"LBC",2105,9,1,1,1,1,1,1,1,7
"LBC",2105,10,1,1,1,1,1,1,1,7
"LBC",2105,11,1,1,1,1,1,1,1,7
"LBC",2105,12,1,1,1,1,1,1,1,7
"LBC",2105,13,1,1,1,1,1,1,1,7
"LBC",2105,14,1,1,1,1,1,1,1,7
"LBC",2105,15,1,1,1,1,1,1,1,7
"LBC",2105,16,1,1,1,1,1,1,1,7
"LBC",2105,17,1,1,1,1,1,1,1,7
"LBC",2105,18,1,1,1,1,1,1,1,7
"LBC",2105,19,1,1,1,1,1,1,1,7
"LBC",2105,20,1,1,1,1,1,1,1,7
"LBC",2105,21,1,1,1,1,1,1,1,7
"LBC",2105,22,1,1,1,1,1,1,1,7
"LBC",2105,23,1,1,1,1,1,1,1,7
"LBC",2105,24,1,1,1,1,1,1,1,7
"LBC",2105,25,1,1,1,1,1,1,1,7
"LBC",2105,26,1,1,1,1,1,1,1,7
"LBC",2105,27,1,1,1,1,1,1,1,7
"LBC",2105,28,1,1,1,1,1,1,1,7
"LBC",2105,29,1,1,1,1,1,1,1,7
"LBC",2105,30,1,1,1,1,1,1,1,7
"LBC",2105,31,1,1,1,1,1,1,1,7
"LBC",2105,32,1,1,1,1,1,1,1,7
"LBC",2105,33,1,1,1,1,1,1,1,7
"LBC",2105,34,1,1,1,1,1,1,1,7
"LBC",2105,35,1,1,1,1,1,1,1,7
"LBC",2105,36,1,1,1,1,1,1,1,7
"LBC",2105,37,1,1,1,1,1,1,1,7
"LBC",2105,38,1,1,1,1,1,1,1,7
"LBC",2105,39,1,1,1,1,1,1,1,7
"LBC",2105,40,1,1,1,1,1,1,1,7
"LBC",2105,41,1,1,1,1,1,1,1,7
"LBC",2105,42,1,1,1,1,1,1,1,7
"LBC",2105,43,1,1,1,1,1,1,1,7
"LBC",2105,44,1,1,1,1,1,1,1,7
"LBC",2105,45,1,1,1,1,1,1,1,7
"LBC",2105,46,1,1,1,1,1,1,1,7
"LBC",2105,47,1,1,1,1,1,1,1,7
"LBC",2105,48,1,1,1,1,1,1,1,7
"LBC",2105,49,1,1,1,1,1,1,1,7
"LBC",2105,50,1,1,1,1,1,1,1,7
"LBC",2105,51,1,1,1,1,1,1,1,7
"LBC",2105,52,1,1,1,1,1,1,1,7
"LCC",2106,1,,,,,,,,0
"LCC",2106,5,,,,,,,,0
"LCC",2106,9,,,,,,,,0
"LCC",2106,13,,,,,,,,0
"LCC",2106,17,,,,,,,,0
"LCC",2106,21,,,,,,,,0
"LCC",2106,25,,,,,,,,0
"LCC",2106,29,,,,,,,,0
"LCC",2106,33,,,,,,,,0
"LCC",2106,37,,,,,,,,0
"LCC",2106,41,,,,,,,,0
"LCC",2106,45,,,,,,,,0
"LCC",2106,49,,,,,,,,0
"NBA",140,21,,,,,,,,0
"OPC",2101,1,,,,,,,,0
"OPC",2101,2,,,,,,,,0
"OPC",2101,3,,,,,,,,0
"OPC",2101,4,,,,,,,,0
"OPC",2101,5,,,,,,,,0
"OPC",2101,6,,,,,,,,0
"OPC",2101,7,,,,,,,,0
"OPC",2101,8,,,,,,,,0
"OPC",2101,9,,,,,,,,0
"OPC",2101,10,,,,,,,,0
"OPC",2101,11,,,,,,,,0
"OPC",2101,12,,,,,,,,0
"OPC",2101,13,,,,,,,,0
"OPC",2101,14,,,,,,,,0
"OPC",2101,15,,,,,,,,0
"OPC",2101,16,,,,,,,,0
"OPC",2101,17,,,,,,,,0
"OPC",2101,18,,,,,,,,0
"OPC",2101,19,,,,,,,,0
"OPC",2101,20,,,,,,,,0
"OPC",2101,21,,,,,,,,0
"OPC",2101,22,,,,,,,,0
"OPC",2101,23,,,,,,,,0
"OPC",2101,24,,,,,,,,0
"OPC",2101,25,,,,,,,,0
"OPC",2101,26,,,,,,,,0
"OPC",2101,27,,,,,,,,0
"OPC",2101,28,,,,,,,,0
"OPC",2101,29,,,,,,,,0
"OPC",2101,30,,,,,,,,0
"OPC",2101,31,,,,,,,,0
"OPC",2101,32,,,,,,,,0
"OPC",2101,33,,,,,,,,0
"OPC",2101,34,,,,,,,,0
"OPC",2101,35,,,,,,,,0
"OPC",2101,36,,,,,,,,0
"OPC",2101,37,,,,,,,,0
"OPC",2101,38,,,,,,,,0
"OPC",2101,39,,,,,,,,0
"OPC",2101,40,,,,,,,,0
"OPE",1000,17,,,,,,1,1,2
"OPE",1000,18,1,1,1,1,1,1,1,7
"OPE",1000,19,1,1,1,1,1,1,1,7
"OPE",1000,20,1,1,1,1,1,1,1,7
"OPE",1000,21,1,1,1,1,1,1,1,7
"OPE",1000,22,1,1,1,1,1,1,1,7
"OPE",1000,23,1,1,1,1,1,1,1,7
"OPE",1000,24,1,1,1,1,1,1,1,7
"OPE",1000,25,1,1,1,1,1,1,1,7
"OPE",1000,26,1,1,1,1,1,1,1,7
"OPE",1000,27,1,1,1,1,1,1,1,7
"OPE",1000,28,1,1,1,1,1,1,1,7
"OPE",1000,29,1,1,1,1,1,1,1,7
"OPE",1000,30,1,1,1,1,1,1,1,7
"OPE",1000,31,1,1,1,1,1,1,1,7
"OPE",1000,32,1,1,1,1,1,1,1,7
"OPE",1000,33,1,1,1,1,1,1,1,7
"OPE",1000,34,1,1,1,1,1,1,1,7
"OPE",1000,35,1,1,1,1,1,1,1,7
"OPE",1000,36,1,1,1,1,1,1,1,7
"OPE",1000,37,1,1,1,1,1,1,1,7
"OPE",1000,38,1,1,1,1,1,1,1,7
"OPE",1000,39,1,1,1,1,1,1,1,7
"OPE",1000,40,1,1,1,1,1,1,1,7
"OPN",1000,1,,1,1,1,1,1,1,6
"OPN",1000,2,1,1,1,1,1,1,1,7
"OPN",1000,3,1,1,1,1,1,1,1,7
"OPN",1000,4,1,1,1,1,1,1,1,7
"OPN",1000,5,1,1,1,1,1,1,1,7
"OPN",1000,6,1,1,1,1,1,1,1,7
"OPN",1000,7,1,1,1,1,1,1,1,7
"OPN",1000,8,1,1,1,1,1,1,1,7
"OPN",1000,9,1,1,1,1,1,1,1,7
"OPN",1000,10,1,1,1,1,1,1,1,7
"OPN",1000,11,1,1,1,1,1,1,1,7
"OPN",1000,12,1,1,1,1,1,1,1,7
"OPN",1000,13,1,1,1,1,1,1,1,7
"OPN",1000,14,1,1,1,1,1,1,1,7
"OPN",1000,15,1,1,1,1,1,1,1,7
"OPN",1000,16,1,1,1,1,1,1,1,7
"OPN",1000,17,1,1,1,1,1,1,1,7
"OPN",1000,18,1,1,1,1,1,1,1,7
"OPN",1000,19,1,1,1,1,1,1,1,7
"OPN",1000,20,1,1,1,1,1,1,1,7
"OPN",1000,21,1,1,1,1,1,1,1,7
"OPN",1000,22,1,1,1,1,1,1,1,7
"OPN",1000,23,1,1,1,1,1,1,1,7
"OPN",1000,24,1,1,1,1,1,1,1,7
"OPN",1000,25,1,1,1,1,1,1,1,7
"OPN",1000,26,1,1,1,1,1,1,1,7
"OPN",1000,27,1,1,1,1,1,1,1,7
"OPN",1000,28,1,1,1,1,1,1,1,7
"OPN",1000,29,1,1,1,1,1,1,1,7
"OPN",1000,30,1,1,1,1,1,1,1,7
"OPN",1000,31,1,1,1,1,1,1,1,7
"OPN",1000,32,1,1,1,1,1,1,1,7
"OPN",1000,33,1,1,1,1,1,1,1,7
"OPN",1000,34,1,1,1,1,1,1,1,7
"OPN",1000,35,1,1,1,1,1,1,1,7
"OPN",1000,36,1,1,1,1,1,1,1,7
"OPN",1000,37,1,1,1,1,1,1,1,7
"OPN",1000,38,1,1,1,1,1,1,1,7
"OPN",1000,39,1,1,1,1,1,1,1,7
"OPN",1000,40,1,1,1,1,1,1,1,7
"OPN",1000,41,1,1,1,1,1,1,1,7
"OPN",1000,42,1,1,1,1,1,1,1,7
"OPN",1000,43,1,1,1,1,1,1,1,7
"OPN",1000,44,1,1,1,1,1,1,1,7
"OPN",1000,45,1,1,1,1,1,1,1,7
"OPN",1000,46,1,1,1,1,1,1,1,7
"OPN",1000,47,1,1,1,1,1,1,1,7
"OPN",1000,48,1,1,1,1,1,1,1,7
"OPN",1000,49,1,1,1,1,1,1,1,7
"OPN",1000,50,1,1,1,1,1,1,1,7
"OPN",1000,51,1,1,1,1,1,1,1,7
"OPN",1000,52,,1,1,1,1,1,1,6
"PBD",848,14,,,,,,,,0
"PBD",848,15,,,,,,,,0
"PBD",848,16,,,,,,,,0
"PBD",848,17,,,,,,,,0
"PBD",848,18,,,,,,,,0
"PBD",848,19,,,,,,,,0
"PBD",848,20,,,,,,,,0
"PBD",848,21,,,,,,,,0
"PBD",848,22,,,,,,,,0
"PBD",848,23,,,,,,,,0
"PBD",848,24,,,,,,,,0
"PBD",848,25,,,,,,,,0
"PBD",848,26,,,,,,,,0
"PBD",848,27,,,,,,,,0
"PBD",848,28,,,,,,,,0
"PBD",848,29,,,,,,,,0
"PBD",848,30,,,,,,,,0
"PBD",848,31,,,,,,,,0
"PBD",848,32,,,,,,,,0
"PBD",848,33,,,,,,,,0
"PBD",848,34,,,,,,,,0
"PBD",848,35,,,,,,,,0
"PBD",848,36,,,,,,,,0
"PBD",848,37,,,,,,,,0
"PBG",116,13,,,,,,,,0
"PBG",116,14,,,,,,,,0
"PBG",116,18,,,,,,,,0
"PBG",116,20,,,,,,,,0
"PBG",116,22,,,,,,,,0
"PBG",116,24,,,,,,,,0
"PBG",116,26,,,,,,,,0
"PBG",116,28,,,,,,,,0
"PBG",116,30,,,,,,,,0
"PBG",116,32,,,,,,,,0
"PBG",116,34,,,,,,,,0
"PBG",116,36,,,,,,,,0
"PBG",842,13,,,,,,,,0
"PBG",843,14,,,,,,,,0
"PBG",843,15,,,,,,,,0
"PBG",843,16,,,,,,,,0
"PBG",843,17,,,,,,,,0
"PBG",843,18,,,,,,,,0
"PBG",843,19,,,,,,,,0
"PBG",843,20,,,,,,,,0
"PBG",843,21,,,,,,,,0
"PBG",843,22,,,,,,,,0
"PBG",843,23,,,,,,,,0
"PBG",843,24,,,,,,,,0
"PBG",843,25,,,,,,,,0
"PBG",843,26,,,,,,,,0
"PBG",843,27,,,,,,,,0
"PBG",843,28,,,,,,,,0
"PBG",843,29,,,,,,,,0
"PBG",843,30,,,,,,,,0
"PBG",843,31,,,,,,,,0
"PBG",843,32,,,,,,,,0
"PBG",843,33,,,,,,,,0
"PBG",843,34,,,,,,,,0
"PBG",843,35,,,,,,,,0
"PBG",843,36,,,,,,,,0
"PBP",841,13,,,,,,,,0
"PBP",841,14,,,,,,,,0
"PBP",841,15,,,,,,,,0
"PBP",841,16,,,,,,,,0
"PBP",841,17,,,,,,,,0
"PBP",841,18,,,,,,,,0
"PBP",841,19,,,,,,,,0
"PBP",841,20,,,,,,,,0
"PBP",841,21,,,,,,,,0
"PBP",841,22,,,,,,,,0
"PBP",841,23,,,,,,,,0
"PBP",841,24,,,,,,,,0
"PBP",841,25,,,,,,,,0
"PBP",841,26,,,,,,,,0
"PBP",841,27,,,,,,,,0
"PBP",841,28,,,,,,,,0
"PBP",841,29,,,,,,,,0
"PBP",841,30,,,,,,,,0
"PBP",841,31,,,,,,,,0
"PBP",841,32,,,,,,,,0
"PBP",841,33,,,,,,,,0
"PBP",841,34,,,,,,,,0
"PBP",841,35,,,,,,,,0
"PBP",841,36,,,,,,,,0
"PBP",842,13,,,,,,,,0
"PBP",843,14,,,,,,,,0
"PBP",843,15,,,,,,,,0
"PBP",843,16,,,,,,,,0
"PBP",843,17,,,,,,,,0
"PBP",843,18,,,,,,,,0
"PBP",843,19,,,,,,,,0
"PBP",843,20,,,,,,,,0
"PBP",843,21,,,,,,,,0
"PBP",843,22,,,,,,,,0
"PBP",843,23,,,,,,,,0
"PBP",843,24,,,,,,,,0
"PBP",843,25,,,,,,,,0
"PBP",843,26,,,,,,,,0
"PBP",843,27,,,,,,,,0
"PBP",843,28,,,,,,,,0
"PBP",843,29,,,,,,,,0
"PBP",843,30,,,,,,,,0
"PBP",843,31,,,,,,,,0
"PBP",843,32,,,,,,,,0
"PBP",843,33,,,,,,,,0
"PBP",843,34,,,,,,,,0
"PBP",843,35,,,,,,,,0
"PBP",843,36,,,,,,,,0
"PF0",402,14,,,,,,,,0
"PF0",403,15,,,,,,,,0
"PF0",403,16,,,,,,,,0
"PF0",403,17,,,,,,,,0
"PF0",403,18,,,,,,,,0
"PF0",403,19,,,,,,,,0
"PF0",403,20,,,,,,,,0
"PF0",403,21,,,,,,,,0
"PF0",403,22,,,,,,,,0
"PF0",403,23,,,,,,,,0
"PF0",403,24,,,,,,,,0
"PF0",403,25,,,,,,,,0
"PF0",403,27,,,,,,,,0
"PF0",403,28,,,,,,,,0
"PF0",403,29,,,,,,,,0
"PF0",403,30,,,,,,,,0
"PF0",403,31,,,,,,,,0
"PF0",403,32,,,,,,,,0
"PF0",403,33,,,,,,,,0
"PF0",403,34,,,,,,,,0
"PF0",403,35,,,,,,,,0
"PF0",403,36,,,,,,,,0
"PF0",403,37,,,,,,,,0
"PF0",409,14,,,,,,,,0
"PF0",410,38,,,,,,,,0
"PF0",411,14,,,,,,,,0
"PF0",411,38,,,,,,,,0
"PF1",402,39,,,,,,,,0
"PF1",403,1,,,,,,,,0
"PF1",403,2,,,,,,,,0
"PF1",403,3,,,,,,,,0
"PF1",403,4,,,,,,,,0
"PF1",403,5,,,,,,,,0
"PF1",403,6,,,,,,,,0
"PF1",403,7,,,,,,,,0
"PF1",403,8,,,,,,,,0
"PF1",403,9,,,,,,,,0
"PF1",403,10,,,,,,,,0
"PF1",403,11,,,,,,,,0
"PF1",403,12,,,,,,,,0
"PF1",403,13,,,,,,,,0
"PF1",403,40,,,,,,,,0
"PF1",403,41,,,,,,,,0
"PF1",403,42,,,,,,,,0
"PF1",403,43,,,,,,,,0
"PF1",403,44,,,,,,,,0
"PF1",403,45,,,,,,,,0
"PF1",403,46,,,,,,,,0
"PF1",403,47,,,,,,,,0
"PF1",403,48,,,,,,,,0
"PF1",403,49,,,,,,,,0
"PF1",403,50,,,,,,,,0
"PF1",403,51,,,,,,,,0
"PF1",403,52,,,,,,,,0
"PF1",404,1,,,,,,,,0
"PF1",404,2,,,,,,,,0
"PF1",404,3,,,,,,,,0
"PF1",404,4,,,,,,,,0
"PF1",404,5,,,,,,,,0
"PF1",404,6,,,,,,,,0
"PF1",404,7,,,,,,,,0
"PF1",404,8,,,,,,,,0
"PF1",404,9,,,,,,,,0
"PF1",404,10,,,,,,,,0
"PF1",404,11,,,,,,,,0
"PF1",404,12,,,,,,,,0
"PF1",404,13,,,,,,,,0
"PF1",404,40,,,,,,,,0
"PF1",404,41,,,,,,,,0
"PF1",404,42,,,,,,,,0
"PF1",404,43,,,,,,,,0
"PF1",404,44,,,,,,,,0
"PF1",404,45,,,,,,,,0
"PF1",404,46,,,,,,,,0
"PF1",404,47,,,,,,,,0
"PF1",404,48,,,,,,,,0
"PF1",404,49,,,,,,,,0
"PF1",404,50,,,,,,,,0
"PF1",404,51,,,,,,,,0
"PF1",404,52,,,,,,,,0
"PF1",405,2,,,,,,,,0
"PF1",405,4,,,,,,,,0
"PF1",405,6,,,,,,,,0
"PF1",405,8,,,,,,,,0
"PF1",405,10,,,,,,,,0
"PF1",405,12,,,,,,,,0
"PF1",405,40,,,,,,,,0
"PF1",405,42,,,,,,,,0
"PF1",405,44,,,,,,,,0
"PF1",405,46,,,,,,,,0
"PF1",405,48,,,,,,,,0
"PF1",405,50,,,,,,,,0
"PF1",405,52,,,,,,,,0
"PF2",411,13,,,,,,,,0
"PF2",411,39,,,,,,,,0
"PF5",402,39,,,,,,,,0
"PF5",403,1,,,,,,,,0
"PF5",403,2,,,,,,,,0
"PF5",403,3,,,,,,,,0
"PF5",403,4,,,,,,,,0
"PF5",403,5,,,,,,,,0
"PF5",403,6,,,,,,,,0
"PF5",403,7,,,,,,,,0
"PF5",403,8,,,,,,,,0
"PF5",403,9,,,,,,,,0
"PF5",403,10,,,,,,,,0
"PF5",403,11,,,,,,,,0
"PF5",403,12,,,,,,,,0
"PF5",403,13,,,,,,,,0
"PF5",403,40,,,,,,,,0
"PF5",403,41,,,,,,,,0
"PF5",403,42,,,,,,,,0
"PF5",403,43,,,,,,,,0
"PF5",403,44,,,,,,,,0
"PF5",403,45,,,,,,,,0
"PF5",403,46,,,,,,,,0
"PF5",403,47,,,,,,,,0
"PF5",403,48,,,,,,,,0
"PF5",403,49,,,,,,,,0
"PF5",403,50,,,,,,,,0
"PF5",403,51,,,,,,,,0
"PF5",403,52,,,,,,,,0
"PHU",851,9,,,,,,,,0
"PHU",852,10,,,,,,,,0
"PHU",852,11,,,,,,,,0
"PHU",852,12,,,,,,,,0
"PHU",852,13,,,,,,,,0
"PHU",852,14,,,,,,,,0
"PHU",852,15,,,,,,,,0
"PHU",852,16,,,,,,,,0
"PHU",852,17,,,,,,,,0
"PHU",852,18,,,,,,,,0
"PHU",852,19,,,,,,,,0
"PHU",852,20,,,,,,,,0
"PHU",852,21,,,,,,,,0
"PHU",852,22,,,,,,,,0
"PHU",852,23,,,,,,,,0
"PHU",852,24,,,,,,,,0
"PHU",852,25,,,,,,,,0
"PHU",852,26,,,,,,,,0
"PHU",852,27,,,,,,,,0
"PHU",852,28,,,,,,,,0
"PHU",852,29,,,,,,,,0
"PHU",852,30,,,,,,,,0
"PHU",852,31,,,,,,,,0
"PHU",852,32,,,,,,,,0
"PHU",852,33,,,,,,,,0
"PHU",852,34,,,,,,,,0
"PHU",852,35,,,,,,,,0
"PHU",852,36,,,,,,,,0
"PHU",852,37,,,,,,,,0
"PHU",852,38,,,,,,,,0
"PHU",852,39,,,,,,,,0
"PHU",852,40,,,,,,,,0
"PHU",852,41,,,,,,,,0
"PHU",852,42,,,,,,,,0
"PHU",852,43,,,,,,,,0
"PHU",852,44,,,,,,,,0
"PHU",852,45,,,,,,,,0
"PHU",852,46,,,,,,,,0
"PHU",852,47,,,,,,,,0
"PHU",852,48,,,,,,,,0
"PRU",404,1,,,,,,,,0
"PRU",404,2,,,,,,,,0
"PRU",404,3,,,,,,,,0
"PRU",404,4,,,,,,,,0
"PRU",404,5,,,,,,,,0
"PRU",404,6,,,,,,,,0
"PRU",404,7,,,,,,,,0
"PRU",404,8,,,,,,,,0
"PRU",404,9,,,,,,,,0
"PRU",404,10,,,,,,,,0
"PRU",404,11,,,,,,,,0
"PRU",404,12,,,,,,,,0
"PRU",404,13,,,,,,,,0
"PRU",404,40,,,,,,,,0
"PRU",404,41,,,,,,,,0
"PRU",404,42,,,,,,,,0
"PRU",404,43,,,,,,,,0
"PRU",404,44,,,,,,,,0
"PRU",404,45,,,,,,,,0
"PRU",404,46,,,,,,,,0
"PRU",404,47,,,,,,,,0
"PRU",404,48,,,,,,,,0
"PRU",404,49,,,,,,,,0
"PRU",404,50,,,,,,,,0
"PRU",404,51,,,,,,,,0
"PRU",404,52,,,,,,,,0
"PRU",405,2,,,,,,,,0
"PRU",405,4,,,,,,,,0
"PRU",405,6,,,,,,,,0
"PRU",405,8,,,,,,,,0
"PRU",405,10,,,,,,,,0
"PRU",405,12,,,,,,,,0
"PRU",405,40,,,,,,,,0
"PRU",405,42,,,,,,,,0
"PRU",405,44,,,,,,,,0
"PRU",405,46,,,,,,,,0
"PRU",405,48,,,,,,,,0
"PRU",405,50,,,,,,,,0
"PRU",405,52,,,,,,,,0
"PRU",451,38,,,,,,,,0
"PRU",452,1,,,,,,,,0
"PRU",452,2,,,,,,,,0
"PRU",452,3,,,,,,,,0
"PRU",452,4,,,,,,,,0
"PRU",452,5,,,,,,,,0
"PRU",452,6,,,,,,,,0
"PRU",452,7,,,,,,,,0
"PRU",452,8,,,,,,,,0
"PRU",452,9,,,,,,,,0
"PRU",452,10,,,,,,,,0
"PRU",452,11,,,,,,,,0
"PRU",452,12,,,,,,,,0
"PRU",452,13,,,,,,,,0
"PRU",452,14,,,,,,,,0
"PRU",452,39,,,,,,,,0
"PRU",452,40,,,,,,,,0
"PRU",452,41,,,,,,,,0
"PRU",452,42,,,,,,,,0
"PRU",452,43,,,,,,,,0
"PRU",452,44,,,,,,,,0
"PRU",452,45,,,,,,,,0
"PRU",452,46,,,,,,,,0
"PRU",452,47,,,,,,,,0
"PRU",452,48,,,,,,,,0
"PRU",452,49,,,,,,,,0
"PRU",452,50,,,,,,,,0
"PRU",452,51,,,,,,,,0
"PRU",452,52,,,,,,,,0
"TCH",791,9,,,,,,,,0
"TCH",791,17,,,,,,,,0
"TCH",791,25,,,,,,,,0
"TCH",791,33,,,,,,,,0
"TCH",791,41,,,,,,,,0
"WDM",1061,1,,,,,1,,,1
"WDM",1061,2,,,,,1,,,1
"WDM",1061,3,,,,,1,,,1
"WDM",1061,4,,,,,1,,,1
"WDM",1061,5,,,,,1,,,1
"WDM",1061,6,,,,,1,,,1
"WDM",1061,7,,,,,1,,,1
"WDM",1061,8,,,,,1,,,1
"WDM",1061,9,,,,,1,,,1
"WDM",1061,10,,,,,1,,,1
"WDM",1061,11,,,,,1,,,1
"WDM",1061,12,,,,,1,,,1
"WDM",1061,13,,,,,1,,,1
"WDM",1061,14,,,,,1,,,1
"WDM",1061,15,,,,,1,,,1
"WDM",1061,16,,,,,1,,,1
"WDM",1061,17,,,,,1,,,1
"WDM",1061,18,,,,,1,,,1
"WDM",1061,19,,,,,1,,,1
"WDM",1061,20,,,,,1,,,1
"WDM",1061,21,,,,,1,,,1
"WDM",1061,22,,,,,1,,,1
"WDM",1061,23,,,,,1,,,1
"WDM",1061,24,,,,,1,,,1
"WDM",1061,25,,,,,1,,,1
"WDM",1061,26,,,,,1,,,1
"WDM",1061,27,,,,,1,,,1
"WDM",1061,28,,,,,1,,,1
"WDM",1061,29,,,,,1,,,1
"WDM",1061,30,,,,,1,,,1
"WDM",1061,31,,,,,1,,,1
"WDM",1061,32,,,,,1,,,1
"WDM",1061,33,,,,,1,,,1
"WDM",1061,34,,,,,1,,,1
"WDM",1061,35,,,,,1,,,1
"WDM",1061,36,,,,,1,,,1
"WDM",1061,37,,,,,1,,,1
"WDM",1061,38,,,,,1,,,1
"WDM",1061,39,,,,,1,,,1
"WDM",1061,40,,,,,1,,,1
"WDM",1061,41,,,,,1,,,1
"WDM",1061,42,,,,,1,,,1
"WDM",1061,43,,,,,1,,,1
"WDM",1061,44,,,,,1,,,1
"WDM",1061,45,,,,,1,,,1
"WDM",1061,46,,,,,1,,,1
"WDM",1061,47,,,,,1,,,1
"WDM",1061,48,,,,,1,,,1
"WDM",1061,49,,,,,1,,,1
"WDM",1061,50,,,,,1,,,1
"WDM",1061,51,,,,,1,,,1
"WDM",1061,52,,,,,1,,,1
"WLA",1062,1,,,,,1,,,1
"WLA",1062,2,,,,,1,,,1
"WLA",1062,3,,,,,1,,,1
"WLA",1062,4,,,,,1,,,1
"WLA",1062,5,,,,,1,,,1
"WLA",1062,6,,,,,1,,,1
"WLA",1062,7,,,,,1,,,1
"WLA",1062,8,,,,,1,,,1
"WLA",1062,9,,,,,1,,,1
"WLA",1062,10,,,,,1,,,1
"WLA",1062,11,,,,,1,,,1
"WLA",1062,12,,,,,1,,,1
"WLA",1062,13,,,,,1,,,1
"WLA",1062,14,,,,,1,,,1
"WLA",1062,15,,,,,1,,,1
"WLA",1062,16,,,,,1,,,1
"WLA",1062,17,,,,,1,,,1
"WLA",1062,18,,,,,1,,,1
"WLA",1062,19,,,,,1,,,1
"WLA",1062,20,,,,,1,,,1
"WLA",1062,21,,,,,1,,,1
"WLA",1062,22,,,,,1,,,1
"WLA",1062,23,,,,,1,,,1
"WLA",1062,24,,,,,1,,,1
"WLA",1062,25,,,,,1,,,1
"WLA",1062,26,,,,,1,,,1
"WLA",1062,27,,,,,1,,,1
"WLA",1062,28,,,,,1,,,1
"WLA",1062,29,,,,,1,,,1
"WLA",1062,30,,,,,1,,,1
"WLA",1062,31,,,,,1,,,1
"WLA",1062,32,,,,,1,,,1
"WLA",1062,33,,,,,1,,,1
"WLA",1062,34,,,,,1,,,1
"WLA",1062,35,,,,,1,,,1
"WLA",1062,36,,,,,1,,,1
"WLA",1062,37,,,,,1,,,1
"WLA",1062,38,,,,,1,,,1
"WLA",1062,39,,,,,1,,,1
"WLA",1062,40,,,,,1,,,1
"WLA",1062,41,,,,,1,,,1
"WLA",1062,42,,,,,1,,,1
"WLA",1062,43,,,,,1,,,1
"WLA",1062,44,,,,,1,,,1
"WLA",1062,45,,,,,1,,,1
"WLA",1062,46,,,,,1,,,1
"WLA",1062,47,,,,,1,,,1
"WLA",1062,48,,,,,1,,,1
"WLA",1062,49,,,,,1,,,1
"WLA",1062,50,,,,,1,,,1
"WLA",1062,51,,,,,1,,,1
"WLA",1062,52,,,,,1,,,1
"WON",1063,1,,,,,1,,,1
"WON",1063,2,,,,,1,,,1
"WON",1063,3,,,,,1,,,1
"WON",1063,4,,,,,1,,,1
"WON",1063,5,,,,,1,,,1
"WON",1063,6,,,,,1,,,1
"WON",1063,7,,,,,1,,,1
"WON",1063,8,,,,,1,,,1
"WON",1063,9,,,,,1,,,1
"WON",1063,10,,,,,1,,,1
"WON",1063,11,,,,,1,,,1
"WON",1063,12,,,,,1,,,1
"WON",1063,13,,,,,1,,,1
"WON",1063,14,,,,,1,,,1
"WON",1063,15,,,,,1,,,1
"WON",1063,16,,,,,1,,,1
"WON",1063,17,,,,,1,,,1
"WON",1063,18,,,,,1,,,1
"WON",1063,19,,,,,1,,,1
"WON",1063,20,,,,,1,,,1
"WON",1063,21,,,,,1,,,1
"WON",1063,22,,,,,1,,,1
"WON",1063,23,,,,,1,,,1
"WON",1063,24,,,,,1,,,1
"WON",1063,25,,,,,1,,,1
"WON",1063,26,,,,,1,,,1
"WON",1063,27,,,,,1,,,1
"WON",1063,28,,,,,1,,,1
"WON",1063,29,,,,,1,,,1
"WON",1063,30,,,,,1,,,1
"WON",1063,31,,,,,1,,,1
"WON",1063,32,,,,,1,,,1
"WON",1063,33,,,,,1,,,1
"WON",1063,34,,,,,1,,,1
"WON",1063,35,,,,,1,,,1
"WON",1063,36,,,,,1,,,1
"WON",1063,37,,,,,1,,,1
"WON",1063,38,,,,,1,,,1
"WON",1063,39,,,,,1,,,1
"WON",1063,40,,,,,1,,,1
"WON",1063,41,,,,,1,,,1
"WON",1063,42,,,,,1,,,1
"WON",1063,43,,,,,1,,,1
"WON",1063,44,,,,,1,,,1
"WON",1063,45,,,,,1,,,1
"WON",1063,46,,,,,1,,,1
"WON",1063,47,,,,,1,,,1
"WON",1063,48,,,,,1,,,1
"WON",1063,49,,,,,1,,,1
"WON",1063,50,,,,,1,,,1
"WON",1063,51,,,,,1,,,1
"WON",1063,52,,,,,1,,,1
"WSM",1061,1,,,,,1,,,1
"WSM",1061,2,,,,,1,,,1
"WSM",1061,3,,,,,1,,,1
"WSM",1061,4,,,,,1,,,1
"WSM",1061,5,,,,,1,,,1
"WSM",1061,6,,,,,1,,,1
"WSM",1061,7,,,,,1,,,1
"WSM",1061,8,,,,,1,,,1
"WSM",1061,9,,,,,1,,,1
"WSM",1061,10,,,,,1,,,1
"WSM",1061,11,,,,,1,,,1
"WSM",1061,12,,,,,1,,,1
"WSM",1061,13,,,,,1,,,1
"WSM",1061,14,,,,,1,,,1
"WSM",1061,15,,,,,1,,,1
"WSM",1061,16,,,,,1,,,1
"WSM",1061,17,,,,,1,,,1
"WSM",1061,18,,,,,1,,,1
"WSM",1061,19,,,,,1,,,1
"WSM",1061,20,,,,,1,,,1
"WSM",1061,21,,,,,1,,,1
"WSM",1061,22,,,,,1,,,1
"WSM",1061,23,,,,,1,,,1
"WSM",1061,24,,,,,1,,,1
"WSM",1061,25,,,,,1,,,1
"WSM",1061,26,,,,,1,,,1
"WSM",1061,27,,,,,1,,,1
"WSM",1061,28,,,,,1,,,1
"WSM",1061,29,,,,,1,,,1
"WSM",1061,30,,,,,1,,,1
"WSM",1061,31,,,,,1,,,1
"WSM",1061,32,,,,,1,,,1
"WSM",1061,33,,,,,1,,,1
"WSM",1061,34,,,,,1,,,1
"WSM",1061,35,,,,,1,,,1
"WSM",1061,36,,,,,1,,,1
"WSM",1061,37,,,,,1,,,1
"WSM",1061,38,,,,,1,,,1
"WSM",1061,39,,,,,1,,,1
"WSM",1061,40,,,,,1,,,1
"WSM",1061,41,,,,,1,,,1
"WSM",1061,42,,,,,1,,,1
"WSM",1061,43,,,,,1,,,1
"WSM",1061,44,,,,,1,,,1
"WSM",1061,45,,,,,1,,,1
"WSM",1061,46,,,,,1,,,1
"WSM",1061,47,,,,,1,,,1
"WSM",1061,48,,,,,1,,,1
"WSM",1061,49,,,,,1,,,1
"WSM",1061,50,,,,,1,,,1
"WSM",1061,51,,,,,1,,,1
"WSM",1061,52,,,,,1,,,1
