32200002S|ABBEY CLOSE|HULLBRIDGE|TUES|3|REF-240|REC-MIX-1
32200003S|ABBEY ROAD|HULLBRIDGE|TUES|3|REF-240|REC-MIX-1
32200005S|ADAMS GLADE|ROCHFORD|WED|4|REF-240|REC-MIX-2
32201237S|ALBANY RISE|RAYLEIGH|MON|2|REF-240|REC-MIX-2
32200006S|ALBANY ROAD|RAYLEIGH|MON|2|REF-240|REC-MIX-1
32200008S|ALBERT CLOSE|RAYLIEGH|MON|1|REF-240|REC-MIX-1
32200007S|ALBERT CLOSE|ROCHFORD|WED|4|REF-240|REC-MIX-2
32200011S|ALBERT ROAD|RAYLEIGH|MON|1|REF-240|REC-MIX-1
32200010S|ALBERT ROAD|ROCHFORD|WED|4|REF-240|REC-MIX-2
32200012S|ALDERMANS HILL|HOCKLEY|FRI|1|REF-240|REC-MIX-1
32200013S|ALDHAM GARDENS|RAYLEIGH|THUR|1|REF-240|REC-MIX-1
32200015S|ALEXANDRA ROAD|ASHINGDON|WED|4|REF-240|REC-MIX-2
32200014S|ALEXANDRA ROAD|WAKERING|FRI|5|REF-240|REC-MIX-2
32200016S|ALEXANDRA ROAD|RAYLEIGH|THUR|5|REF-240|REC-MIX-2
32200017S|ALEXANDRIA DRIVE|RAYLEIGH|THUR|2|REF-240|REC-MIX-1
32200018S|ALFREDA AVENUE|HULLBRIDGE|TUES|3|REF-240|REC-MIX-1
32200019S|ALLERTON CLOSE|ROCHFORD|WED|4|REF-240|REC-MIX-2
32200022S|ALTHORNE WAY|CANEWDON|FRI|2|REF-240|REC-MIX-1
32200021S|ALTHORPE CLOSE|HOCKLEY|TUES|1|REF-240|REC-MIX-1
32200023S|AMBLESIDE GARDENS|HULLBRIDGE|TUES|3|REF-240|REC-MIX-1
32200024S|ANCHOR LANE|CANEWDON|FRI|2|REF-240|REC-MIX-1
32200026S|ANNEBOLYN DRIVE|ROCHFORD|FRI|3|REF-240|REC-MIX-1
32201122S|APPLEDENE CLOSE|RAYLEIGH|THUR|3|REF-240|REC-MIX-1
32200027S|APPLEYARD AVENUE|HOCKLEY|WED|2|REF-240|REC-MIX-1
32200029S|APTON HALL ROAD|ROCHFORD|FRI|2|REF-240|REC-MIX-1
32200032S|ARDLEY WAY|RAYLEIGH|THUR|4|REF-240|REC-MIX-2
32200033S|ARNOLDS WAY|ROCHFORD|FRI|2|REF-240|REC-MIX-1
32201003S|ARUNDEL GARDENS|RAYLEIGH|THUR|3|REF-240|REC-MIX-1
32200034S|ARUNDEL ROAD|ROCHFORD|FRI|6|REF-240|REC-MIX-2
32200035S|ASH GREEN|CANEWDON|FRI|2|REF-240|REC-MIX-1
32200045S|ASH WAY|HOCKLEY|WED|2|REF-240|REC-MIX-1
32200038S|ASHCOMBE|ROCHFORD|WED|3|REF-240|REC-MIX-1
32200037S|ASHCOMBE WAY|RAYLEIGH|MON|1|REF-240|REC-MIX-1
32200039S|ASHDENE CLOSE|HULLBRIDGE|TUES|3|REF-240|REC-MIX-1
32200040S|ASHFIELDS|RAYLEIGH|THUR|1|REF-240|REC-MIX-1
32201123S|ASHINGDON HEIGHTS|ASHINGDON|WED|4|REF-240|REC-MIX-1
32200044S|ASHINGDON ROAD- West Street to Rectory Rd|ROCHFORD|WED|1|REF-240|REC-MIX-1
32200036S|ASHTREE COURT|STAMBRIDGE|FRI|2|REF-240|REC-MIX-1
32200046S|ASHWORTHS|ROCHFORD|WED|4|REF-240|REC-MIX-2
32200047S|ASSUNDUNE CLOSE|ROCHFORD|FRI|2|REF-240|REC-MIX-1
32200049S|AVON CLOSE|ROCHFORD|WED|4|REF-240|REC-MIX-2
32200050S|AVONDALE CLOSE|RAYLEIGH|MON|3|REF-240|REC-MIX-1
32200051S|AVONDALE ROAD|RAYLEIGH|MON|3|REF-240|REC-MIX-1
32200052S|BACK LANE|ROCHFORD|FRI|1|REF-240|REC-MIX-1
32201212S|BADGERS MOUNT|HOCKLEY|TUES|1|REF-240|REC-MIX-1
32200053S|BALMORAL GARDENS|HOCKLEY|TUES|1|REF-240|REC-MIX-1
32200054S|BANYARD WAY|ROCHFORD|WED|3|REF-240|REC-MIX-1
32200055S|BARBARA CLOSE|ROCHFORD|WED|1|REF-240|REC-MIX-1
32200056S|BARDFIELD WAY|RAYLEIGH|THUR|2|REF-240|REC-MIX-1
32200064S|BARLETTS|RAYLEIGH|MON|2|REF-240|REC-MIX-1
32200057S|BARLING ROAD/from shoplands to southend rd|WAKERING|FRI|3|REF-240|REC-MIX-1
32200058S|BARLING ROAD/from shoplands-church|WAKERING|FRI|4|REF-240|REC-MIX-2
32200061S|BARRINGTONS CLOSE|RAYLEIGH|THUR|5|REF-240|REC-MIX-2
32200060S|BARRON COURT ROAD|RAYLEIGH|THUR|4|REF-240|REC-MIX-2
32200062S|BARROW HALL ROAD/FARM|WAKERING|FRI|4|REF-240|REC-MIX-2
32201186S|BARRYMOORE WALK|RAYLEIGH|MON|1|REF-240|REC-MIX-1
32200066S|BEACH COURT|WAKERING|FRI|5|REF-240|REC-MIX-2
32200068S|BEATRICE CLOSE|HOCKLEY|TUES|1|REF-240|REC-MIX-1
32200069S|BECKETT CLOSE|ROCHFORD|WED|5|REF-240|REC-MIX-2
32200070S|BECKNEY AVENUE|HOCKLEY|FRI|SWP2|REF-240|NO
32200071S|Beckney Farm Road||TUES|6|REF-240|REC-MIX-2
32200072S|BEDFORD CLOSE|RAYLEIGH|MON|4|REF-240|REC-MIX-2
32200073S|BEDLOES AVENUE|RAWRETH|THUR|4|REF-240|REC-MIX-2
32200074S|BEECH AVENUE|RAYLEIGH|THUR|5|REF-240|REC-MIX-2
32200075S|BEECH ROAD|HULLBRIDGE|TUES|4|REF-240|REC-MIX-2
32200076S|BEECHES CLOSE|HOCKLEY|WED|5|REF-240|REC-MIX-2
32200077S|BEKE HALL CHASE (NTH & STH)|RAYLEIGH|WED|6|REF-240|REC-MIX-2
32200079S|BELCHAMPS WAY|HOCKLEY|TUES|2|REF-240|REC-MIX-1
32201094S|BELGRAVE CLOSE|RAYLIEGH|THUR|3|REF-240|REC-MIX-1
32200080S|BELLINGHAM LANE|RAYLEIGH|TUES|6|REF-240|REC-MIX-2
32200081S|BELVEDERE AVENUE|HOCKLEY|TUES|1|REF-240|REC-MIX-1
32200082S|BETJEMAN CLOSE|RAYLEIGH|MON|1|REF-240|REC-MIX-1
32200083S|BETTS LANE|HOCKLEY|TUES|1|REF-240|REC-MIX-1
32200085S|BIRCH CLOSE|RAYLEIGH|THUR|3|REF-240|REC-MIX-1
32200084S|BIRCH CLOSE|CANEWDON|FRI|2|REF-240|REC-MIX-1
32200086S|BIRCH DALE|HULLBRIDGE|TUES|3|REF-240|REC-MIX-1
32201187S|BLACKMORE WALK|RAYLEIGH|MON|1|REF-240|REC-MIX-1
32200087S|BLACKTHORN ROAD|HOCKLEY|WED|2|REF-240|REC-MIX-1
32205100S|BLATCHES CHASE|EASTWOOD|WED|6|REF-240|REC-MIX-2
32200088S|BLENHEIM CLOSE|HOCKLEY|WED|2|REF-240|REC-MIX-1
32200089S|BLOUNTSWOOD CHASE|HOCKLEY|TUES|6|REF-240|REC-MIX-2
32200090S|BLOWER CLOSE|RAYLEIGH|MON|1|REF-240|REC-MIX-1
32200092S|BOBBING CLOSE|ROCHFORD|FRI|1|REF-240|REC-MIX-1
32200093S|BOSTON AVENUE|RAYLEIGH|THUR|3|REF-240|REC-MIX-1
32200094S|BOSWELL AVENUE|ROCHFORD|WED|3|REF-240|REC-MIX-1
32200095S|BOSWORTH CLOSE|HOCKLEY|TUES|2|REF-240|REC-MIX-1
32205022S|BOSWORTH ROAD|EASTWOOD|WED|6|REF-240|REC-MIX-2
32200097S|BOUNDARY ROAD|EASTWOOD|MON|2|REF-240|REC-MIX-1
32201005S|BOXFIELD CLOSE|RAYLEIGH|THUR|1|REF-240|REC-MIX-1
32200099S|BRACKEN DELL|RAYLEIGH|MON|1|REF-240|REC-MIX-1
32200100S|BRACKENDALE CLOSE|HOCKLEY|WED|2|REF-240|REC-MIX-1
32200103S|BRAMERTON ROAD|HOCKLEY|TUES|1|REF-240|REC-MIX-1
32200105S|BRAMFIELD RD WEST.|RAYLEIGH|MON|1|REF-240|REC-MIX-1
32200104S|BRAMFIELD ROAD EAST|RAYLEIGH|MON|1|REF-240|REC-MIX-1
32200107S|BRANKSOME AVENUE|HOCKLEY|WED|2|REF-240|REC-MIX-1
32200108S|BRAXTED CLOSE|ROCHFORD|WED|3|REF-240|REC-MIX-1
32201022S|BRAYERS MEWS|ROCHFORD|FRI|3|REF-240|REC-MIX-1
32200110S|BRAYS LANE|ROCHFORD|FRI|2|REF-240|REC-MIX-1
32200111S|BRIAR CLOSE|HOCKLEY|TUES|5|REF-240|REC-MIX-2
32200115S|BRINKWORTH CLOSE|HOCKLEY|TUES|5|REF-240|REC-MIX-2
32200116S|BRISTOL CLOSE|RAYLEIGH|THUR|4|REF-240|REC-MIX-2
32201006S|BRITTON COURT|RAYLEIGH|MON|3|REF-240|REC-MIX-2
32200117S|BRIXHAM CLOSE|RAYLEIGH|THUR|4|REF-240|REC-MIX-2
32200118S|BROAD CLOSE|HOCKLEY|TUES|5|REF-240|REC-MIX-2
32200119S|BROAD OAK WAY|RAYLEIGH|MON|4|REF-240|REC-MIX-2
32200120S|BROAD PARADE|HOCKLEY|TUES|5|REF-240|REC-MIX-2
32200121S|BROAD WALK|HOCKLEY|TUES|5|REF-240|REC-MIX-2
32200122S|BROAD WAY|HOCKLEY|WED|5|REF-240|REC-MIX-2
32200125S|BROADLAND ROAD|HOCKLEY|TUES|5|REF-240|REC-MIX-2
32200123S|BROADLANDS AVENUE|HOCKLEY|TUES|5|REF-240|REC-MIX-2
32200124S|BROADLANDS AVENUE|RAYLIEGH|THUR|5|REF-240|REC-MIX-2
32200126S|BROCKSFORD AVENUE|RAYLEIGH|MON|3|REF-240|REC-MIX-2
32200127S|BROMLEY MEWS|RAYLIEGH|THUR|1|REF-240|REC-MIX-1
32200128S|BROOK CLOSE|ROCHFORD|FRI|6|REF-240|REC-MIX-2
32200131S|BROOKLYN DRIVE|RAYLEIGH|THUR|3|REF-240|REC-MIX-1
32200133S|BROOKSIDE|HOCKLEY|TUES|2|REF-240|REC-MIX-1
32200132S|BROOKSIDE AVENUE|WAKERING|FRI|5|REF-240|REC-MIX-2
32200134S|BROOM ROAD|HULLBRIDGE|TUES|4|REF-240|REC-MIX-2
32200135S|BROOMFIELD AVENUE|RAYLEIGH|THUR|2|REF-240|REC-MIX-1
32200136S|BROOMWAYS|WAKERING|FRI|5|REF-240|REC-MIX-2
32200137S|BROUGHAM CLOSE|WAKERING|FRI|4|REF-240|REC-MIX-2
32201007S|BRUNSWICK PLACE|RAYLIEGH|THUR|3|REF-240|REC-MIX-1
32200138S|BUCKINGHAM ROAD|HOCKLEY|TUES|1|REF-240|REC-MIX-1
32200139S|BULL LANE|HOCKLEY|TUES|1|REF-240|REC-MIX-1
32200141S|BULLWOOD APPROACH|HOCKLEY|FRI|6|REF-240|REC-MIX-2
32200142S|BULLWOOD HALL LANE|HOCKLEY|FRI|6|REF-240|REC-MIX-2
32200144S|BULLWOOD ROAD|HOCKLEY|TUES|1|REF-240|REC-MIX-1
32201228S|BURLINGTON GARDENS|HULLBRIDGE|TUES|6|REF-240|REC-MIX-2
32200145S|BURNHAM ROAD|HULLBRIDGE|TUES|4|REF-240|REC-MIX-2
32200146S|BURROWS WAY|RAYLEIGH|MON|5|REF-240|REC-MIX-2
32200147S|BUTTS PADDOCK|CANEWDON|FRI|2|REF-240|REC-MIX-1
32200148S|BYFORDS CLOSE|RAYLEIGH|THUR|5|REF-240|REC-MIX-2
32200149S|CAERNARVON CLOSE|HOCKLEY|TUES|1|REF-240|REC-MIX-1
32200150S|CAGEFIELD ROAD|STAMBRIDGE|FRI|2|REF-240|REC-MIX-1
32200151S|CAMBRIDGE GARDENS|ROCHFORD|WED|5|REF-240|REC-MIX-2
32200153S|CANEWDON HALL CLOSE|CANEWDON|FRI|2|REF-240|REC-MIX-1
32201216S|CANEWDON ROAD|ROCHFORD|FRI|2|REF-240|REC-MIX-2
32200155S|CANEWDON ROAD||FRI|6|REF-240|REC-MIX-1
32200156S|CANEWDON VIEW ROAD|ROCHFORD|FRI|2|REF-240|REC-MIX-1
32200157S|CANTABURY CLOSE|RAYLEIGH|THUR|4|REF-240|REC-MIX-2
32200158S|CANUTE CLOSE|CANEWDON|FRI|2|REF-240|REC-MIX-1
32200160S|CARPENTERS|WAKERING|FRI|4|REF-240|REC-MIX-2
32200161S|CASTLE CLOSE|RAYLEIGH|MON|4|REF-240|REC-MIX-2
32200162S|CASTLE DRIVE|RAYLEIGH|MON|5|REF-240|REC-MIX-2
32200163S|CASTLE ROAD|RAYLEIGH|MON|4|REF-240|REC-MIX-2
32200164S|CASTLE TERRACE|RAYLEIGH|MON|5|REF-240|NO
32200165S|CAUSTON WAY|RAYLEIGH|THUR|4|REF-240|REC-MIX-2
32201224S|CAVENDISH ROAD|HOCKLEY|TUES|6|REF-240|REC-MIX-2
32200166S|CAVERSHAM PARK AVE|RAYLEIGH|THUR|4|REF-240|REC-MIX-2
32200167S|CECIL WAY|RAYLEIGH|MON|3|REF-240|REC-MIX-1
32200168S|CEDAR CLOSE|RAYLEIGH|MON|3|REF-240|REC-MIX-1
32200169S|CEDAR DRIVE|HULLBRIDGE|TUES|3|REF-240|REC-MIX-1
32200170S|CEDAR MEWS|HOCKLEY|TUES|1|REF-240|REC-MIX-1
32200171S|CEDAR WALK|CANEWDON|FRI|2|REF-240|REC-MIX-1
32200174S|CENTRAL AVENUE|HULLBRIDGE|TUES|4|REF-240|REC-MIX-2
32200173S|CENTRAL AVENUE|ROCHFORD|WED|5|REF-240|REC-MIX-2
32200175S|CHAPEL LANE|WAKERING|FRI|4|REF-240|REC-MIX-2
32200176S|CHASE END|RAYLEIGH|MON|3|REF-240|REC-MIX-1
32200179S|CHASE SIDE|RAYLEIGH|MON|4|REF-240|REC-MIX-2
32200180S|CHATSWORTH GARDENS|HOCKLEY|TUES|1|REF-240|REC-MIX-1
32200181S|CHEAPSIDE EAST|RAYLEIGH|THUR|3|REF-240|REC-MIX-1
32200182S|CHEAPSIDE WEST|RAYLEIGH|THUR|3|REF-240|REC-MIX-1
32200184S|CHELMER AVENUE|RAYLIEGH|MON|5|REF-240|REC-MIX-2
32200188S|CHELMSFORD ROAD|RAYLEIGH|WED|6|REF-240|REC-MIX-2
32200189S|CHELTENHAM ROAD|HOCKLEY|WED|2|REF-240|REC-MIX-1
32200190S|CHERRY CLOSE|HOCKLEY|WED|2|REF-240|REC-MIX-1
32200191S|CHERRY ORCHARD LANE|ROCHFORD|FRI|6|REF-240|REC-MIX-2
32200195S|CHERRYDENE CLOSE|HULLBRIDGE|TUES|4|REF-240|REC-MIX-2
32200196S|CHERRYDOWN|RAYLEIGH|THUR|3|REF-240|REC-MIX-1
32200197S|CHESTNUT CLOSE|HOCKLEY|WED|5|REF-240|REC-MIX-2
32201188S|CHESTNUT PATH|CANEWDON|FRI|2|REF-240|REC-MIX-1
32200200S|CHEVENING GARDENS|HOCKLEY|TUES|1|REF-240|REC-MIX-1
32200201S|CHILTON CLOSE|RAYLEIGH|THUR|5|REF-240|REC-MIX-2
32200202S|CHURCH END|PAGLESHAM|THUR|6|REF-240|NO
32205014S|CHURCH END (FOUL)|UNMADE|THUR|6|REF-240|REC-MIX-2
32200203S|CHURCH GREEN|CANEWDON|FRI|2|REF-240|REC-MIX-2
32200208S|CHURCH RD (RAWRETH)|RAWRETH|WED|6|REF-240|REC-MIX-2
32200204S|CHURCH Rd/ Houses|ASHINGDON|WED|5|REF-240|REC-MIX-2
32200207S|CHURCH ROAD|RAYLIEGH|MON|3|REF-240|REC-MIX-1
32200205S|CHURCH ROAD|BARLING|THUR|6|REF-240|REC-MIX-2
32200206S|CHURCH ROAD|HOCKLEY|TUES|6|REF-240|REC-MIX-2
32200209S|CHURCH STREET|RAYLEIGH|MON|5|REF-240|REC-MIX-2
32200211S|CLARENCE ROAD|RAYLEIGH|MON|2|REF-240|REC-MIX-1
32201230S|CLARENDON ROAD|HOCKLEY|TUES|6|REF-240|REC-MIX-2
32200212S|CLAVERING COURT|RAYLEIGH|THUR|2|REF-240|NO
32200213S|CLAYBRICK AVENUE|HOCKLEY|TUES|2|REF-240|REC-MIX-1
32200216S|CLAYSPRING CLOSE|HOCKLEY|WED|2|REF-240|REC-MIX-1
32200217S|CLEMENTS GARDENS|HOCKLEY|MON|6|REF-240|REC-MIX-2
32200218S|CLEMENTS HALL LANE|HOCKLEY|MON|6|REF-240|REC-MIX-2
32200219S|CLEMENTS HALL WAY|HAWKWELL|WED|3|REF-240|REC-MIX-1
32200220S|CLIFTON ROAD|ROCHFORD|WED|4|REF-240|REC-MIX-2
32200222S|CLYDE CRESCENT|RAYLEIGH|MON|5|REF-240|REC-MIX-2
32201124S|COMMON ROAD|WAKERING|THUR|6|REF-240|REC-MIX-2
32200224S|CONISTON CLOSE|RAYLEIGH|MON|1|REF-240|REC-MIX-1
32200225S|CONNAUGHT RD|RAYLEIGH|MON|2|REF-240|REC-MIX-1
32201189S|CONNAUGHT WALK|RAYLEIGH|MON|2|REF-240|REC-MIX-1
32200227S|CONWAY AVENUE|WAKERING|FRI|5|REF-240|REC-MIX-2
32200228S|COOMBES GROVE|ROCHFORD|FRI|2|REF-240|REC-MIX-1
32200230S|COPELAND|ROCHFORD|WED|4|REF-240|REC-MIX-2
32200231S|COPFORD AVENUE|RAYLEIGH|MON|3|REF-240|REC-MIX-1
32200232S|CORDELIA CRESCENT|RAYLEIGH|THUR|3|REF-240|REC-MIX-1
32200233S|CORNHILL AVENUE|HOCKLEY|WED|2|REF-240|REC-MIX-1
32200234S|CORNWALL GARDENS|ROCHFORD|WED|4|REF-240|REC-MIX-2
32200235S|CORONATION CLOSE|WAKERING|FRI|6|REF-240|REC-MIX-2
32200236S|COTSWOLD AVENUE|RAYLEIGH|THUR|5|REF-240|REC-MIX-2
32205018S|COURT END (FOUL)|UNMADE|THUR|6|REF-240|REC-MIX-2
32200238S|COVENTRY CLOSE|HULLBRIDGE|TUES|4|REF-240|REC-MIX-2
32200240S|CRANLEIGH  GARDENS|UNMADE|TUES|6|REF-240|REC-MIX-2
32200241S|CRAVEN CLOSE|ROCHFORD|WED|5|REF-240|REC-MIX-2
32201125S|CREAKSEA FERRY ROAD|CANEWDON|FRI|2|REF-240|REC-MIX-1
32200242S|CREEK VIEW AVENUE|HULLBRIDGE|TUES|3|REF-240|REC-MIX-1
32200246S|CRESWICK AVENUE|RAYLEIGH|THUR|1|REF-240|REC-MIX-1
32200248S|CROMWELL ROAD|HOCKLEY|TUES|5|REF-240|REC-MIX-2
32200249S|CROUCH AVENUE|HULLBRIDGE|TUES|4|REF-240|REC-MIX-2
32200250S|CROUCH MEADOWS|HULLBRIDGE|MON|6|REF-240|REC-MIX-2
32200253S|CROUCH VIEW CRESCENT|HAWKWELL|FRI|6|REF-240|REC-MIX-2
32200251S|CROUCH VIEW GROVE|HULLBRIDGE|TUES|3|REF-240|REC-MIX-1
32200252S|CROUCHMANS AVENUE|WAKERING|FRI|5|REF-240|REC-MIX-2
32200254S|CROWN GARDENS|RAYLIEGH|THUR|5|REF-240|REC-MIX-2
32200255S|CROWN HILL|RAYLEIGH|MON|5|REF-240|REC-MIX-2
32200256S|CROWN ROAD|HOCKLEY|FRI|6|REF-240|NO
32205019S|CUPIDS CORNER|WAKERING|FRI|3|REF-240|REC-MIX-1
32200257S|CURTIS WAY|RAYLEIGH|THUR|4|REF-240|REC-MIX-2
32200259S|DALYS ROAD|ROCHFORD|WED|1|REF-240|REC-MIX-1
32200260S|DANBURY ROAD|RAYLEIGH|THUR|1|REF-240|REC-MIX-1
32200261S|DARTMOUTH CLOSE|RAYLEIGH|THUR|4|REF-240|REC-MIX-2
32200262S|DAWLISH CRESCENT|RAYLEIGH|THUR|4|REF-240|REC-MIX-2
32200263S|DAWS HEATH ROAD|RAYLEIGH|MON|4|REF-240|REC-MIX-2
32200264S|DEEPDEENE AVENUE|RAYLEIGH|THUR|3|REF-240|REC-MIX-1
32200265S|DENE CLOSE|RAYLEIGH|THUR|3|REF-240|REC-MIX-1
32200266S|DENE GARDENS|RAYLEIGH|THUR|3|REF-240|REC-MIX-1
32200267S|DENHAM VALE|RAYLEIGH|THUR|1|REF-240|REC-MIX-1
32200268S|DERBYDALE|ROCHFORD|WED|4|REF-240|REC-MIX-2
32200269S|DERWENT AVENUE|RAYLEIGH|MON|1|REF-240|REC-MIX-1
32200270S|DEVON GARDENS|ROCHFORD|WED|4|REF-240|REC-MIX-2
32200271S|DISRAELI ROAD|RAYLEIGH|WED|6|REF-240|REC-MIX-2
32201008S|DOBSON CLOSE|RAYLEIGH|MON|4|REF-240|REC-MIX-2
32200272S|DOGGETTS CHASE|ROCHFORD|FRI|6|REF-240|REC-MIX-2
32200273S|DOGGETTS CLOSE||FRI|2|REF-240|REC-MIX-1
32200274S|DORIC AVENUE|ROCHFORD|WED|5|REF-240|REC-MIX-2
32200276S|DORSET GARDENS|ROCHFORD|WED|4|REF-240|REC-MIX-2
32200275S|DORTHY FARM ROAD|RAYLIEGH|MON|1|REF-240|REC-MIX-1
32200277S|DOULTON WAY|ROCHFORD|WED|4|REF-240|REC-MIX-2
32200279S|DOWN HALL CLOSE|RAYLEIGH|THUR|3|REF-240|REC-MIX-1
32200280S|DOWN HALL PARK WAY|RAYLEIGH|THUR|4|REF-240|REC-MIX-2
32200278S|DOWN HALL ROAD|RAYLEIGH|THUR|3|REF-240|REC-MIX-1
32200281S|DRAKES WAY|RAYLEIGH|THUR|4|REF-240|REC-MIX-2
32200285S|DUCKETTS MEAD|CANEWDON|FRI|2|REF-240|REC-MIX-1
32200286S|DURHAM ROAD|RAYLEIGH|MON|6|REF-240|REC-MIX-2
32200287S|DURHAM WAY|RAYLEIGH|THUR|4|REF-240|REC-MIX-2
32205021S|EAST END (PAG)|PAGELSHAM|THUR|6|REF-240|REC-MIX-2
32200288S|EAST HALL  ROAD|PAGLESHAM|THUR|6|REF-240|NO
32200289S|EAST STREET|ROCHFORD|FRI|3|REF-240|REC-MIX-1
32200290S|EASTBURY AVENUE|ROCHFORD|WED|3|REF-240|REC-MIX-1
32200291S|EASTCHEAP|RAYLEIGH|THUR|3|REF-240|REC-MIX-1
32200292S|EASTERN ROAD|RAYLEIGH|MON|5|REF-240|REC-MIX-2
32200293S|EASTVIEW DRIVE|RAYLEIGH|TUES|4|REF-240|REC-MIX-2
32200294S|EASTWOOD RISE|EASTWOOD|WED|6|REF-240|REC-MIX-2
32201009S|Edingborough Close|RAYLIEGH|THUR|3|REF-240|REC-MIX-1
32200296S|EDWARD CLOSE|ROCHFORD|WED|4|REF-240|REC-MIX-2
32200297S|ELDON WAY|HOCKLEY|TUES|1|REF-240|REC-MIX-1
32200298S|ELIZABETH AVENUE|RAYLEIGH|MON|5|REF-240|REC-MIX-2
32200299S|ELIZABETH CLOSE|HOCKLEY|TUES|2|REF-240|REC-MIX-1
32200300S|ELLESMERE ROAD|ROCHFORD|FRI|6|REF-240|REC-MIX-2
32200301S|ELM CLOSE|RAYLEIGH|MON|6|REF-240|REC-MIX-2
32200302S|ELM DRIVE|RAYLEIGH|MON|6|REF-240|REC-MIX-2
32200303S|ELM GROVE|HULLBRIDGE|TUES|3|REF-240|REC-MIX-1
32200304S|ELMWOOD AVENUE|HOCKLEY|TUES|2|REF-240|REC-MIX-1
32200305S|ELSENHAM COURT|RAYLEIGH|THUR|2|REF-240|REC-MIX-1
32200306S|ELY CLOSE|RAYLIEGH|THUR|4|REF-240|REC-MIX-2
32200307S|ENGLEFIELD CLOSE|ROCHFORD|WED|3|REF-240|REC-MIX-1
32200309S|ESSEX CLOSE|RAYLEIGH|MON|2|REF-240|REC-MIX-1
32200310S|ESTUARY GARDENS|WAKERING|FRI|3|REF-240|REC-MIX-1
32200311S|ETHEL ROAD|RAYLEIGH|WED|6|REF-240|NO
32200312S|ETHELBERT ROAD|ROCHFORD|FRI|6|REF-240|REC-MIX-2
32200313S|ETHELDORE AVENUE|HOCKLEY|WED|2|REF-240|REC-MIX-1
32200314S|EVELEN ROAD|HOCKLEY|TUES|1|REF-240|REC-MIX-1
32200315S|EVEREST|RAYLEIGH|THUR|4|REF-240|REC-MIX-2
32200316S|EXHIBITION LANE|WAKERING|THUR|6|REF-240|REC-MIX-2
32200317S|EXMOUTH DRIVE|RAYLEIGH|THUR|4|REF-240|REC-MIX-2
32200318S|FAIRFIELD|WAKERING|FRI|5|REF-240|REC-MIX-2
32200319S|FAIRLAND CLOSE|RAYLEIGH|TUES|4|REF-240|REC-MIX-2
32200320S|FAIRMEAD|RAYLEIGH|THUR|3|REF-240|REC-MIX-1
32200321S|FALCON CLOSE|RAYLEIGH|THUR|1|REF-240|REC-MIX-1
32200322S|FAMBRIDGE ROAD|UNMADE|FRI|6|REF-240|REC-MIX-2
32200323S|FARMVIEW|RAYLEIGH|THUR|4|REF-240|REC-MIX-2
32200325S|FERNDALE ROAD|RAYLEIGH|TUES|4|REF-240|REC-MIX-2
32200326S|FERRY ROAD|HULLBRIDGE|TUES|3|REF-240|REC-MIX-1
32200327S|FINCHFIELD|RAYLEIGH|MON|3|REF-240|REC-MIX-1
32200330S|FLEMINGS FARM ROAD|UNMADE|WED|6|REF-240|NO
32200331S|FOLLY CHASE|HOCKLEY|FRI|1|REF-240|REC-MIX-1
32200332S|FOLLY LANE|HOCKLEY|FRI|1|REF-240|REC-MIX-1
32200333S|FOUNTAIN LANE|HOCKLEY|FRI|1|REF-240|REC-MIX-1
32200334S|FOXFIELD CLOSE|HOCKLEY|WED|5|REF-240|REC-MIX-2
32200335S|FRAMMINGHAM COURT|RAYLEIGH||5|REF-240|NO
32200336S|FRANCIS WALK|RAYLEIGH|MON|5|REF-240|REC-MIX-2
32201191S|FYFIELD PATH|RAYLEIGH|THUR|2|REF-240|REC-MIX-1
32200337S|GARDINERS LANE|CANEWDON|FRI|6|REF-240|REC-MIX-2
32200339S|GATSCOMBE CLOSE|HOCKLEY|TUES|1|REF-240|REC-MIX-1
32200341S|GAY BOWERS|HOCKLEY|FRI|1|REF-240|REC-MIX-1
32200342S|GAYLEIGHS|RAYLEIGH|THUR|3|REF-240|REC-MIX-1
32201211S|GAYS LANE|CANEWDON|FRI|2|REF-240|REC-MIX-1
32200343S|GILBERT CLOSE|RAYLEIGH|MON|3|REF-240|REC-MIX-1
32200344S|GLADSTONE GARDENS|RAYLEIGH|MON|5|REF-240|REC-MIX-2
32200345S|GLADSTONE ROAD|HOCKLEY|TUES|5|REF-240|REC-MIX-2
32200346S|GLASSEYS LANE|RAYLEIGH|MON|5|REF-240|REC-MIX-2
32200348S|GLEBE CLOSE|RAYLEIGH|THUR|1|REF-240|REC-MIX-1
32200347S|GLEBE CLOSE|WAKERING|FRI|5|REF-240|REC-MIX-2
32200349S|GLEBE DRIVE|RAYLEIGH|THUR|1|REF-240|REC-MIX-1
32200993S|GLENCROFTS|HOCKLEY|TUES|5|REF-240|REC-MIX-2
32200352S|GLENWOOD AVENUE|HOCKLEY|TUES|5|REF-240|REC-MIX-2
32200354S|GLOUCESTER AVENUE|RAYLEIGH|MON|2|REF-240|REC-MIX-1
32200357S|GOLD HANGER CLOSE|RAYLEIGH|THUR|2|REF-240|REC-MIX-1
32201231S|GOLDEN CROSS MEWS|ASHINGDON|WED|5|REF-240|REC-MIX-2
32200355S|GOLDEN CROSS PARADE|ROCHFORD|WED |5|REF-240|NO
32200356S|GOLDEN CROSS ROAD|ROCHFORD|WED|5|REF-240|REC-MIX-2
32200358S|GOLDSMITH DRIVE|RAYLEIGH|TUES|6|REF-240|REC-MIX-2
32200360S|GOLDSWORTHY DRIVE|WAKERING|FRI|3|REF-240|REC-MIX-1
32200361S|GORDON ROUGHLY COURT|UNMADE|TUES|6|REF-240|NO
32205098S|GORE ROAD|STAMBRIDGE|FRI|2|REF-240|REC-MIX-1
32200362S|GOSFIELD CLOSE|RAYLEIGH|THUR|2|REF-240|REC-MIX-1
32200363S|GRAHAM CLOSE|HOCKLEY|WED|5|REF-240|REC-MIX-2
32200364S|GRAINGE GARDENS|RAYLEIGH|THUR|1|REF-240|REC-MIX-1
32201226S|GRANVILLE ROAD|HOCKLEY|TUES|6|REF-240|REC-MIX-2
32200365S|GRASMERE AVENUE|HULLBRIDGE|TUES|3|REF-240|REC-MIX-1
32200367S|GRAYSONS CLOSE|RAYLEIGH|THUR|5|REF-240|REC-MIX-2
32200368S|GREAT EASTERN ROAD|HOCKLEY|TUES|1|REF-240|REC-MIX-1
32200370S|GREAT WHEATLEYS ROAD|RAYLEIGH|MON|5|REF-240|REC-MIX-2
32200371S|GREENLANDS|ROCHFORD|WED|3|REF-240|REC-MIX-1
32200373S|GREENSWARD LANE|HOCKLEY|WED|5|REF-240|REC-MIX-2
32200374S|GREENWAYS|ROCHFORD|FRI|1|REF-240|REC-MIX-1
32200375S|GREGORY CLOSE|HOCKLEY|TUES|2|REF-240|REC-MIX-1
32200376S|GRESTED COURT|ROCHFORD|FRI|3|REF-240|NO
32201095S|GROSVENOR ROAD|RAYLIEGH|THUR|3|REF-240|REC-MIX-1
32200377S|GROVE CLOSE|RAYLEIGH|MON|3|REF-240|REC-MIX-1
32200378S|GROVE COURT|RAYLEIGH|MON|3|REF-240|REC-MIX-1
32200380S|GROVE ROAD|RAYLEIGH|MON|3|REF-240|REC-MIX-1
32200381S|GUSTED HALL LANE|HOCKLEY|MON|6|REF-240|REC-MIX-2
32200382S|HADDON CLOSE|RAYLEIGH|THUR|2|REF-240|REC-MIX-1
32200385S|HALL ROAD|ROCHFORD|FRI|1|REF-240|REC-MIX-1
32200386S|HAMBRO AVENUE|RAYLEIGH|THUR|4|REF-240|REC-MIX-2
32200387S|HAMBRO CLOSE|RAYLEIGH|TUES|4|REF-240|REC-MIX-2
32200388S|HAMBRO HILL|RAYLEIGH|TUES|4|REF-240|REC-MIX-2
32200390S|HAMILTON GARDENS|HOCKLEY|WED|2|REF-240|REC-MIX-1
32200391S|HAMILTON MEWS|RAYLEIGH|FRI|1|REF-240|REC-MIX-1
32200392S|HAMPSTEAD GARDENS|HOCKLEY|WED|5|REF-240|REC-MIX-2
32200393S|HAMPTON COURT|HOCKLEY|TUES|1|REF-240|NO
32200394S|HANNINGFIELD CLOSE|RAYLEIGH|THUR|2|REF-240|REC-MIX-1
32200395S|HANOVER MEWS|HOCKLEY|TUES|1|REF-240|REC-MIX-1
32200396S|HARBART WAY|RAYLEIGH|THUR|4|REF-240|REC-MIX-2
32200397S|HARDWICK CLOSE|RAYLEIGH|MON|4|REF-240|REC-MIX-2
32200398S|HAREWOOD AVENUE|ROCHFORD|WED|3|REF-240|REC-MIX-1
32200399S|HARPER WAY|RAYLEIGH|THUR|3|REF-240|REC-MIX-1
32200400S|HARRISON GARDENS|HULLBRIDGE|TUES|3|REF-240|REC-MIX-1
32200401S|HARROGATE DRIVE|HOCKLEY|WED|2|REF-240|REC-MIX-1
32200402S|HARROGATE ROAD|HOCKLEY|WED|2|REF-240|REC-MIX-1
32200403S|HARROW CLOSE|HOCKLEY|TUES|5|REF-240|REC-MIX-2
32200404S|HARROW GARDENS|HOCKLEY|TUES|5|REF-240|REC-MIX-2
32200405S|HARTFORD CLOSE|RAYLEIGH|THUR|2|REF-240|REC-MIX-1
32200406S|HATFIELD ROAD|RAYLEIGH|THUR|2|REF-240|REC-MIX-1
32201214S|HAVANA DRIVE|RAYLEIGH|SWP 2|6|REF-240|REC-MIX-2
32205059S|HAVEN GORE (FOUL)|UNMADE|THUR|6|REF-240|REC-MIX-2
32200407S|HAVENGORE CLOSE|WAKERING|FRI|5|REF-240|REC-MIX-2
32200408S|HAVENSIDE|WAKERING|FRI|4|REF-240|REC-MIX-2
32200409S|HAVERING CLOSE|WAKERING|FRI|4|REF-240|REC-MIX-2
32201193S|HAWKS LANE|HOCKLEY|TUES|5|REF-240|REC-MIX-2
32200410S|HAWKWELL CHASE|HOCKLEY|TUES|2|REF-240|REC-MIX-1
32200411S|HAWKWELL PARK DRIVE|HOCKLEY|TUES|5|REF-240|REC-MIX-2
32200412S|HAWKWELL ROAD|HOCKLEY|TUES|5|REF-240|REC-MIX-2
32200413S|HAWTHORN CLOSE|HOCKLEY|TUES|5|REF-240|REC-MIX-2
32200415S|HAWTHORN WAY|RAYLEIGH|MON|3|REF-240|REC-MIX-1
32200414S|HAWTHORNE GARDENS|HOCKLEY|FRI|1|REF-240|REC-MIX-2
32201210S|HAZELDENE|RAYLEIGH|THUR|5|REF-240|REC-MIX-2
32200416S|HAZELWOOD |HOCKLEY|TUES|5|REF-240|REC-MIX-2
32201096S|HEATHFIELD|RAYLEIGH|MON|4|REF-240|REC-MIX-2
32200417S|HEDGEHOPE AVENUE|RAYLIEGH|THUR|3|REF-240|REC-MIX-1
32200994S|HEDINGHAM PLACE|HOCKLEY|WED|3|REF-240|NO
32200418S|HELENA CLOSE|HOCKLEY|TUES|5|REF-240|REC-MIX-2
32200419S|HELENA ROAD|RAYLEIGH|THUR|5|REF-240|REC-MIX-2
33200420S|HERITAGE WAY|ROCHFORD|WED|1|REF-240|REC-MIX-1
32201097S|HERON CLOSE|RAYLEIGH|THUR|1|REF-240|REC-MIX-1
32200421S|HERON GARDENS|RAYLEIGH|THUR|1|REF-240|REC-MIX-1
32200422S|HEVER CLOSE|HOCKLEY|TUES|1|REF-240|REC-MIX-1
32200423S|HEYCROFT ROAD|HOCKLEY|TUES|5|REF-240|REC-MIX-2
32200424S|HIGH ELMS ROAD|HULLBRIDGE|TUES|4|REF-240|REC-MIX-2
32200425S|HIGH MEAD|HOCKLEY|TUES|2|REF-240|REC-MIX-1
32200427S|HIGH ROAD|HOCKLEY|FRI|6|REF-240|REC-MIX-2
32200428S|HIGH ROAD/ to the weir|RAYLIEGH|MON|5|REF-240|REC-MIX-2
32200429S|HIGH STREET|CANEWDON|FRI|2|REF-240|REC-MIX-1
32200430S|HIGH STREET|WAKERING|FRI|5|REF-240|REC-MIX-2
32200431S|HIGH STREET/flats over shops|RAYLEIGH|TUES|6|REF-240|NO
32200432S|HIGHAMS ROAD|HOCKLEY|TUES|5|REF-240|REC-MIX-2
32200433S|HIGHCLIFF CRESCENT|ASHINGDON|FRI|2|REF-240|REC-MIX-1
32200434S|HIGHFIELD CRESCENT|RAYLEIGH|MON|1|REF-240|REC-MIX-1
32201010S|HIGHMEAD COURT|RAYLEIGH|TUES|6|REF-240|NO
32200436S|HILARY CLOSE|ROCHFORD|WED|3|REF-240|REC-MIX-1
32200437S|HILARY CRESCENT|RAYLEIGH|MON|1|REF-240|REC-MIX-1
32200438S|HILL LANE|HOCKLEY|TUES|5|REF-240|REC-MIX-2
32200439S|HILLCREST AVENUE|HULLBRIDGE|TUES|4|REF-240|REC-MIX-2
32200440S|HILLCREST ROAD|HOCKLEY|TUES|1|REF-240|REC-MIX-1
32200441S|HILLSIDE AVENUE|HOCKLEY|TUES|2|REF-240|REC-MIX-1
32200443S|HILLSIDE ROAD|EASTWOOD|WED|6|REF-240|REC-MIX-2
32200442S|HILLSIDE ROAD|HOCKLEY|FRI|6|REF-240|REC-MIX-2
32200444S|HILLTOP AVENUE|HULLBRIDGE|TUES|4|REF-240|REC-MIX-2
32200446S|HILLVIEW ROAD|RAYLEIGH|WED|6|REF-240|REC-MIX-2
32200447S|HOCKLEY RISE|HOCKLEY|TUES|2|REF-240|REC-MIX-1
32200448S|HOCKLEY ROAD (ALL ROAD)|HOCKLEY|THUR|5|REF-240|REC-MIX-2
32200996S|HOGARTH WAY|ROCHFORD|WED|4|REF-240|REC-MIX-2
32200451S|HOLLYTREE GARDENS|RAYLEIGH|MON|5|REF-240|REC-MIX-2
32200452S|HOLT FARM WAY|ROCHFORD|WED|3|REF-240|REC-MIX-1
32200453S|HOLTON ROAD|RAYLIEGH|||REF-240|NO
32200454S|HOLY OAK LANE|HOCKLEY|WED|6|REF-240|REC-MIX-2
32200455S|HOME FARM CLOSE|WAKERING|FRI|4|REF-240|REC-MIX-2
32200456S|HOOLEY DRIVE|RAYLEIGH|WED|6|REF-240|REC-MIX-2
32200459S|HUMBER CLOSE|RAYLIEGH|MON|5|REF-240|REC-MIX-2
32200460S|HYDEWOOD LANE|ROCHFORD|FRI|6|REF-240|REC-MIX-2
32201208S|JOHN CHILDS WAY|RAYLIEGH|MON|4|REF-240|REC-MIX-2
32200464S|JOHNSON CLOSE|ROCHFORD|WED|3|REF-240|REC-MIX-1
32201023S|JOHNSON COURT|ROCHFORD|FRI|1|REF-240|NO
32200465S|JUBILEE CLOSE|HOCKLEY|TUES|2|REF-240|REC-MIX-1
32200466S|JUBILEE ROAD|RAYLEIGH|MON|3|REF-240|REC-MIX-1
32200467S|KATHERINE CLOSE|RAYLEIGH|MON|3|REF-240|REC-MIX-1
32201194S|KEATS WALK|RAYLEIGH|MON|1|REF-240|REC-MIX-1
32201254S|KELSO CLOSE/PELHAMGATE|RAYLEIGH|MON|6|REF-240|REC-MIX-2
32200469S|KELVEDON CLOSE|RAYLEIGH|THUR|2|REF-240|REC-MIX-1
32200470S|KEMBLES|RAYLEIGH|THUR|4|REF-240|REC-MIX-2
32200472S|KENDAL CLOSE|RAYLEIGH|MON|1|REF-240|REC-MIX-1
32200471S|KENDAL CLOSE|HULLBRIDGE|TUES|4|REF-240|REC-MIX-2
32201195S|KENMAR CLOSE|RAYLEIGH|MON|2|REF-240|REC-MIX-1
32200474S|KENNEDY CLOSE|RAYLEIGH|MON|2|REF-240|REC-MIX-1
32200473S|KENNILWORTH GARDENS|RAYLEIGH|THUR|2|REF-240|REC-MIX-1
32200475S|KENSINGTON WAY|HOCKLEY|TUES|1|REF-240|REC-MIX-1
32200999S|KENT GREEN CLOSE|HOCKLEY|TUES|5|REF-240|REC-MIX-2
32200476S|KENT WAY|RAYLEIGH|MON|2|REF-240|REC-MIX-1
32200477S|KESTRAL GROVE|RAYLEIGH|THUR|1|REF-240|REC-MIX-1
32200478S|KESWICK AVENUE|HULLBRIDGE|TUES|3|REF-240|REC-MIX-1
32200479S|KESWICK CLOSE|RAYLEIGH|MON|1|REF-240|REC-MIX-1
32200480S|KILNWOOD AVENUE|HOCKLEY|TUES|2|REF-240|REC-MIX-1
32200481S|KIMBERLEY ROAD|WAKERING|FRI|4|REF-240|REC-MIX-2
32200482S|KING GEORGES CLOSE|RAYLEIGH|TUES|6|REF-240|NO
32200483S|KING HENRYS DRIVE|ROCHFORD|FRI|3|REF-240|REC-MIX-1
32200484S|KINGFISHER CRES|RAYLIEGH|THUR|1|REF-240|REC-MIX-1
32200485S|KINGS CLOSE|RAYLEIGH|MON|4|REF-240|REC-MIX-2
32200486S|KINGS FARM|RAYLEIGH|TUES|4|REF-240|REC-MIX-2
32200487S|KINGS ROAD|RAYLEIGH|MON|4|REF-240|REC-MIX-2
32200488S|KINGSMAN FARM ROAD|UNMADE|MON|6|REF-240|REC-MIX-2
32200490S|KINGSWAY|HULLBRIDGE|TUES|6|REF-240|REC-MIX-2
32200491S|KINGSWOOD CRESCENT|RAYLEIGH|MON|5|REF-240|REC-MIX-2
32200493S|KNIVET CLOSE|RAYLEIGH|MON|3|REF-240|REC-MIX-1
32200496S|LABURNHAM GROVE|HOCKLEY|FRI|1|REF-240|REC-MIX-1
32201011S|LABURNUM  WAY|RAYLEIGH|THUR|4|REF-240|REC-MIX-2
32200495S|LABURNUM CLOSE|HOCKLEY|FRI|1|REF-240|REC-MIX-1
32200507S|LACELLES GARDENS|ROCHFORD|WED|4|REF-240|REC-MIX-2
32200497S|LAKESIDE|RAYLEIGH|THUR|3|REF-240|REC-MIX-1
32200478S|LAMBETH MEWS|HOCKLEY|TUES|1|REF-240|REC-MIX-1
32200499S|LAMBOURNE HALL ROAD|ASHINGDON|FRI|2|REF-240|REC-MIX-1
32200500S|LANCASTER  GARDENS|RAYLEIGH|MON|2|REF-240|REC-MIX-1
32200501S|LANCASTER  ROAD|RAYLEIGH|MON|2|REF-240|REC-MIX-1
32200502S|LANGDON ROAD|RAYLEIGH|THUR|1|REF-240|REC-MIX-1
32200503S|LANGHAM DRIVE|RAYLEIGH|THUR|1|REF-240|REC-MIX-1
32200504S|LANSDOWNE DRIVE|RAYLEIGH|THUR|1|REF-240|REC-MIX-1
32200505S|LARK HILL ROAD|CANEWDON|FRI|2|REF-240|REC-MIX-1
32200506S|LARKFIELD CLOSE|ROCHFORD|WED|3|REF-240|REC-MIX-1
32200508S|LATCHINGDON CLOSE|RAYLEIGH|THUR|2|REF-240|REC-MIX-1
32200511S|LEAMINGTON ROAD|HOCKLEY|WED|2|REF-240|REC-MIX-1
32200513S|LEASWAY|RAYLEIGH|THUR|5|REF-240|REC-MIX-2
32200514S|LEE LOTTS|WAKERING|FRI|4|REF-240|REC-MIX-2
32200515S|LEECON WAY|ROCHFORD|WED|1|REF-240|REC-MIX-1
32200516S|LEICESTER AVENUE|ROCHFORD|FRI|3|REF-240|REC-MIX-1
32200517S|LEONARD DRIVE|RAYLEIGH|THUR|2|REF-240|REC-MIX-1
32200518S|LESLIE GARDENS|RAYLEIGH|MON|3|REF-240|REC-MIX-1
32200519S|LESLIE ROAD|RAYLEIGH|MON|3|REF-240|REC-MIX-1
32200520S|LESNEY GARDENS|ROCHFORD|WED|1|REF-240|REC-MIX-1
32200521S|LEVER LANE|ROCHFORD|FRI|3|REF-240|REC-MIX-1
32201196S|LILIAN PLACE|RAYLEIGH|MON|2|REF-240|REC-MIX-1
32200522S|LILYVILLE WALK|RAYLEIGH|MON|2|REF-240|REC-MIX-1
32201000S|LIME COURT|HOCKLEY|FRI|6|REF-240|NO
32200524S|LINCOLN ROAD|ROCHFORD|MON|6|REF-240|REC-MIX-2
32200525S|LINCOLN WAY|RAYLEIGH|THUR|4|REF-240|REC-MIX-2
32200526S|LINDEN CLOSE|RAYIEGH|MON|3|REF-240|REC-MIX-1
32200527S|LINDSEY COURT|RAYLEIGH|THUR|1|REF-240|REC-MIX-1
32200528S|LINDSEY ROAD|WAKERING|FRI|4|REF-240|REC-MIX-2
32200529S|LINGFIELD DRIVE|ROCHFORD|FRI|2|REF-240|REC-MIX-1
32200530S|LINK ROAD|RAYLEIGH|THUR|5|REF-240|REC-MIX-2
32200533S|LITTLE WAKERING ROAD|WAKERING|FRI|4|REF-240|REC-MIX-2
32200536S|LITTLE WHEATLEYS CHASE|RAYLEIGH|THUR|2|REF-240|REC-MIX-1
32200539S|LODGE CLOSE|RAYLEIGH|MON|3|REF-240|REC-MIX-1
32200540S|LODGELANDS CLOSE|RAYLEIGH|MON|2|REF-240|REC-MIX-1
32200541S|LONDON HILL|RAYLEIGH|MON|5|REF-240|REC-MIX-2
32200545S|LONDON ROAD|RAYLEIGH|WED|6|REF-240|REC-MIX-2
32200544S|LONDON ROAD (INCLUDING SHOP AREAS)|RAYLEIGH|THUR|2|REF-240|REC-MIX-1
32200546S|LONG LANE|HULLBRIDGE|TUES|4|REF-240|REC-MIX-2
32200548S|LOUIS DRIVE WEST|RAYLEIGH|THUR|2|REF-240|REC-MIX-1
32200549S|LOUISE DRIVE|RAYLEIGH|THUR|2|REF-240|REC-MIX-1
32200547S|LOUISE DRIVE EAST|RAYLEIGH|THUR|2|REF-240|REC-MIX-1
32200550S|LOUISE ROAD|RAYLEIGH|MON|1|REF-240|REC-MIX-1
32200551S|LOVE LANE|RAYLEIGH|THUR|5|REF-240|REC-MIX-2
32200552S|LOWER LAMBRICKS|RAYLEIGH|THUR|4|REF-240|REC-MIX-2
32200553S|LOWER ROAD--COVENTRY HILL|HOCKLEY|TUES|4|REF-240|REC-MIX-2
32200556S|LUBBARDS CLOSE|RAYLEIGH|THUR|4|REF-240|REC-MIX-2
32200558S|LYNWOOD GREEN|RAYLEIGH|MON|2|REF-240|REC-MIX-1
32200559S|MACINTYRES WALK|ROCHFORD|WED|4|REF-240|REC-MIX-2
32201197S|MADRID AVENUE|RAYLEIGH|TUES|SWP|REF-240|NO
32200556S|MAGNOLIA ROAD|ROCHFORD|MON|6|REF-240|REC-MIX-2
32200562S|MAIN ROAD|HAWKWELL|TUES|2|REF-240|REC-MIX-1
32200563S|MAIN ROAD|HOCKLEY|TUES|1|REF-240|REC-MIX-1
32200565S|MAINE CRESCENT|RAYLEIGH|THUR|2|REF-240|REC-MIX-1
32200567S|MALTING VILLAS ROAD|ROCHFORD|FRI|1|REF-240|REC-MIX-1
32200570S|MALVERN CLOSE|RAYLEIGH|THUR|5|REF-240|REC-MIX-2
32200571S|MALVERN ROAD|HOCKLEY|WED|2|REF-240|REC-MIX-1
32200572S|MALYONS LANE|HULLBRIDGE|TUES|3|REF-240|REC-MIX-1
32200573S|MANNS WAY|RAYLEIGH|THUR|4|REF-240|REC-MIX-2
32200574S|MANOR CLOSE|RAYLEIGH|MON|4|REF-240|REC-MIX-2
32200575S|MANOR ROAD|HOCKLEY|TUES|1|REF-240|REC-MIX-1
32200576S|MANSTEAD GARDENS|ROCHFORD|WED|5|REF-240|REC-MIX-2
32200577S|MAPLE DRIVE||TUES|6|REF-240|REC-MIX-2
32200578S|MAPLEDENE AVENUE|HULLBRIDGE|TUES|3|REF-240|REC-MIX-1
32200579S|MAPLELEAF CLOSE|HOCKLEY|WED|5|REF-240|REC-MIX-2
32200580S|MARINA AVENUE|RAYLEIGH|THUR|3|REF-240|REC-MIX-1
32200581S|MARINERS COURT|WAKERING|FRI|5|REF-240|REC-MIX-2
32200583S|MARLBOROUGH WALK|HOCKLEY|TUES|1|REF-240|REC-MIX-1
32200586S|MARSHALLS|ROCHFORD|WED|3|REF-240|REC-MIX-1
32200585S|MARSHALLS CLOSE|RAYLEIGH|MON|1|REF-240|REC-MIX-1
32200587S|MARTIN WALK|HOCKLEY|TUES|2|REF-240|REC-MIX-1
32200588S|MARYLANDS AVENUE|HOCKLEY|WED|2|REF-240|REC-MIX-1
32200589S|MAYFIELD AVENUE|HULLBRIDGE|TUES|3|REF-240|REC-MIX-1
32200590S|McCALMONT DRIVE|RAYLIEGH||6|REF-240|REC-MIX-2
32200591S|MEADOW ROAD|HULLBRIDGE|TUES|4|REF-240|REC-MIX-2
32200592S|MEADOW WAY|HOCKLEY|TUES|1|REF-240|REC-MIX-1
32200593S|MEADOWSIDE|RAYLEIGH|WED|6|REF-240|REC-MIX-2
32200594S|MEADWAY|RAYLEIGH|MON|3|REF-240|REC-MIX-1
32200595S|MEESONS MEAD|ROCHFORD|WED|1|REF-240|REC-MIX-1
32200596S|MENDIP CLOSE|RAYLEIGH|THUR|5|REF-240|REC-MIX-2
32200597S|MERCER AVENUE|WAKERING|FRI|4|REF-240|REC-MIX-2
32200599S|MERRYFIELDS AVENUE|HOCKLEY|WED|2|REF-240|REC-MIX-1
32200600S|MERTON ROAD|HULLBRIDGE|TUES|6|REF-240|REC-MIX-2
32200602S|MEY WALK|HOCKLEY|TUES|1|REF-240|REC-MIX-1
32200603S|MIDDLEMEAD|ROCHFORD|FRI|1|REF-240|REC-MIX-1
32200604S|MILL LANE|ROCHFORD|FRI|2|REF-240|REC-MIX-1
32200605S|MILLFIELD CLOSE|RAYLEIGH|THUR|5|REF-240|REC-MIX-2
32200607S|MILLVIEW MEADOWS/COURT|ROCHFORD|FRI|3|REF-240|REC-MIX-1
32200609S|MILTON CLOSE|RAYLEIGH|MON|1|REF-240|REC-MIX-1
32200610S|MILTON HALL CLOSE|WAKERING|FRI|5|REF-240|REC-MIX-2
32200611S|MINSTER CLOSE|RAYLEIGH|MON|2|REF-240|REC-MIX-1
32200612S|MINTON HEIGHTS|ROCHFORD|WED|4|REF-240|REC-MIX-2
32200613S|MOAT RISE & FLATS|RAYLEIGH|MON|4|REF-240|REC-MIX-2
32200614S|MONKSFORD DRIVE|HULLBRIDGE|TUES|3|REF-240|REC-MIX-1
32200615S|MONTEFIORE AVENUE|RAYLEIGH|TUES|6|REF-240|REC-MIX-2
32200617S|MOONS CLOSE|ROCHFORD|FRI|2|REF-240|REC-MIX-1
32200618S|MOORCROFT|ROCHFORD|WED|4|REF-240|REC-MIX-2
32200619S|MOORELAND CLOSE|WAKERING|FRI|4|REF-240|REC-MIX-2
32200620S|MORNINGTON AVENUE|ROCHFORD|FRI|3|REF-240|REC-MIX-1
32200621S|MORRINS CLOSE|WAKERING|FRI|5|REF-240|REC-MIX-2
32200622S|MORTIMER ROAD|RAYLEIGH|TUES|4|REF-240|REC-MIX-2
32200623S|MOUNT AVENUE|HOCKLEY|WED|2|REF-240|REC-MIX-1
32200624S|MOUNT AVENUE|RAYLEIGH|MON|5|REF-240|REC-MIX-2
32200625S|MOUNT BOVIS LANE|HAWKWELL|WED|6|REF-240|REC-MIX-2
32200626S|MOUNT CLOSE|RAYLEIGH|MON|5|REF-240|REC-MIX-2
32200627S|MOUNT CRESCENT|HOCKLEY|WED|2|REF-240|REC-MIX-1
32200628S|MUCKING HALL ROAD|BARLING|THUR|6|REF-240|REC-MIX-2
32200629S|MURRELLS LANE|HOCKLEY|TUES|6|REF-240|REC-MIX-2
32200630S|NANSEN AVENUE|ROCHFORD|WED|5|REF-240|REC-MIX-2
32200632S|NAPIER ROAD|RAYLEIGH|FRI|1|REF-240|REC-MIX-1
32200633S|NAVESTOCK CLOSE|RAYLEIGH|THUR|2|REF-240|REC-MIX-1
32200634S|NELSON CLOSE|RAYLEIGH|FRI|1|REF-240|REC-MIX-1
32200635S|NELSON GARDENS|RAYLEIGH|FRI|1|REF-240|REC-MIX-1
32200637S|NELSON ROAD|RAYLIEGH|FRI|1|REF-240|REC-MIX-1
32200636S|NELSON ROAD|ROCHFORD|WED|5|REF-240|REC-MIX-2
32200638S|NEVERN CLOSE|RAYLEIGH|MON|4|REF-240|REC-MIX-2
32200639S|NEVERN ROAD|RAYLIEGH|MON|4|REF-240|REC-MIX-2
32200640S|NEW ENGLAND CRES|WAKERING|FRI|3|REF-240|REC-MIX-2
32201098S|NEW HALL ROAD|HOCKLEY|TUES|6|REF-240|REC-MIX-2
32201223S|NEW PARK ROAD|HOCKLEY|TUES|6|REF-240|REC-MIX-2
32200641S|NEW ROAD|WAKERING|FRI|5|REF-240|REC-MIX-2
32200643S|NEWHALL|ROCHFORD|WED|4|REF-240|REC-MIX-2
32200644S|NEWSTEAD ROAD|WAKERING|FRI|4|REF-240|REC-MIX-2
32200645S|NEWSUM GARDENS|RAYLEIGH|THUR|2|REF-240|REC-MIX-1
32200646S|NEWTON HALL GARDENS|ROCHFORD|FRI|2|REF-240|REC-MIX-1
32201012S|NIGHTINGALE CLOSE|RAYLIEGH|THUR|1|REF-240|REC-MIX-1
32200647S|NORE ROAD|EASTWOOD|MON|2|REF-240|REC-MIX-2
32200648S|NORMAN CRESCENT|RAYLEIGH|TUES|4|REF-240|REC-MIX-2
32200650S|NORTH STREET|ROCHFORD|FRI|1|REF-240|REC-MIX-1
32200649S|NORTH STREET|WAKERING|FRI|4|REF-240|REC-MIX-2
32200651S|NORTHFIELD CRESCENT|WAKERING|FRI|4|REF-240|REC-MIX-2
32200652S|NORWICH CRESCENT|RAYLEIGH|THUR|4|REF-240|REC-MIX-2
32200653S|NURSERY CLOSE|RAYLEIGH|MON|4|REF-240|REC-MIX-2
32200654S|NUTCOMBE CRESCENT|ROCHFORD|WED|3|REF-240|REC-MIX-1
32200655S|OAK ROAD|ROCHFORD|FRI|1|REF-240|REC-MIX-1
32200656S|OAK WALK|HOCKLEY|WED|2|REF-240|REC-MIX-1
32200657S|OAKHURST ROAD|RAYLEIGH|MON|3|REF-240|REC-MIX-1
32201099S|OAKLAND MEWS|ROCHFORD|WED|3|REF-240|REC-MIX-1
32200658S|OAKLEIGH AVENUE|HULLBRIDGE|TUES|4|REF-240|REC-MIX-2
32200659S|OAKLEY AVENUE|RAYLEIGH|THUR|1|REF-240|REC-MIX-1
32200661S|OAKWOOD ROAD|RAYLEIGH|THUR|3|REF-240|REC-MIX-1
32200662S|OAST WAY|ROCHFORD|FRI|1|REF-240|REC-MIX-1
32201198S|OLD LONDON ROAD|RAWRETH|WED|6|REF-240|REC-MIX-2
32200664S|OLD SCHOOL MEADOW|WAKERING|FRI|5|REF-240|REC-MIX-2
32200665S|OLD SHIP LANE|ROCHFORD|FRI|3|REF-240|REC-MIX-1
32200667S|OLIVERS CRESCENT|WAKERING|FRI|4|REF-240|REC-MIX-2
32200668S|ORCHARD AVENUE|HOCKLEY|WED|2|REF-240|REC-MIX-1
32200669S|ORCHARD AVENUE|RAYLEIGH|MON|5|REF-240|REC-MIX-2
32200671S|ORCHARD CLOSE|HOCKLEY|WED|2|REF-240|REC-MIX-1
32200670S|ORCHARD CLOSE|WAKERING|FRI|4|REF-240|REC-MIX-2
32200672S|ORMMONDE AVENUE|ROCHFORD|WED|1|REF-240|REC-MIX-1
32200673S|OSBOURNE AVENUE|HOCKLEY|TUES|1|REF-240|REC-MIX-1
32200674S|OXFORD ROAD|ROCHFORD|WED|3|REF-240|REC-MIX-1
32200676S|PADGETTS WAY|HULLBRIDGE|TUES|3|REF-240|REC-MIX-1
32200677S|PAGLESHAM ROAD|UNMADE|THUR|6|REF-240|REC-MIX-2
32200679S|PAIGNTON CLOSE|RAYLEIGH|THUR|4|REF-240|REC-MIX-2
32200680S|PARGETTERS HYHAM|HOCKLEY|TUES|5|REF-240|REC-MIX-2
32200681S|PARK GARDENS|HOCKLEY|TUES|5|REF-240|REC-MIX-2
32200682S|PARKHURST DRIVE|RAYLEIGH|WED|6|REF-240|REC-MIX-2
32200684S|PARKLANDS|ROCHFORD|WED|3|REF-240|REC-MIX-1
32200683S|PARKLANDS AVENUE|RAYLEIGH|MON|4|REF-240|REC-MIX-2
32200685S|PARKWAY|RAYLEIGH|MON|4|REF-240|REC-MIX-2
32200686S|PEACH AVENUE|HOCKLEY|WED|2|REF-240|REC-MIX-1
32200687S|PEARSONS AVENUE|RAYLEIGH|THUR|3|REF-240|REC-MIX-1
32201131S|PEMBERTON FIELD|FAMBRIDGE|FRI|6|REF-240|REC-MIX-2
32200688S|PERCY COTTIS ROAD|ROCHFORD|WED|1|REF-240|REC-MIX-1
32201100S|PERIGWIN GARDENS|RAYLIEGH|THUR|1|REF-240|REC-MIX-1
32200689S|PEVENSEY GARDENS|HULLBRIDGE|TUES|4|REF-240|REC-MIX-2
32200690S|PHILBRICK CRES EAST|RAYLEIGH|THUR|1|REF-240|REC-MIX-1
32200691S|PHILBRICK CRES WEST|RAYLEIGH|THUR|2|REF-240|REC-MIX-1
32200692S|PICTON CLOSE|RAYLEIGH|MON|3|REF-240|REC-MIX-1
32200693S|PICTON GARDENS|RAYLEIGH|MON|3|REF-240|REC-MIX-1
32200694S|PINEWOOD CLOSE|HULLBRIDGE|TUES|4|REF-240|REC-MIX-2
32200695S|PLOWMANS|RAYLEIGH|THUR|4|REF-240|REC-MIX-2
32200696S|PLUMBEROW AVENUE/WOOD AVE|HOCKLEY|WED|2|REF-240|REC-MIX-1
32200697S|PLUMBEROW MOUNT AVE|HOCKLEY|WED|2|REF-240|REC-MIX-1
32201025S|POLLARDS CLOSE|ROCHFORD|FRI|1|REF-240|REC-MIX-1
32201115S|POLLARDS COURT|ROCHFORD|FRI|1|REF-240|NO
32200698S|POLSTEAD CLOSE|RAYLEIGH|THUR|1|REF-240|REC-MIX-1
32200699S|POOLES LANE|HULLBRIDGE|MON|6|REF-240|REC-MIX-2
32201199S|POPES WALK|RAYLEIGH|MON|1|REF-240|REC-MIX-1
32200700S|POPLAR ROAD|RAYLEIGH|MON|2|REF-240|REC-MIX-1
32200701S|POPLARS AVENUE|HOCKLEY|TUES|2|REF-240|REC-MIX-1
32201101S|POPLARS COURT|HOCKLEY|FRI|6|REF-240|NO
32205070S|POTTON ISLAND|UNMADE|THUR|6|REF-240|REC-MIX-2
32200703S|POYNTENS|RAYLEIGH|THUR|5|REF-240|REC-MIX-2
32200704S|POYNTERS LANE|WAKERING|FRI|3|REF-240|REC-MIX-1
32200705S|PRENTICE CLOSE|ROCHFORD|FRI|1|REF-240|REC-MIX-1
32200706S|PRESTON GARDENS|RAYLEIGH|THUR|4|REF-240|REC-MIX-2
32200707S|PRINCESS GARDENS|ROCHFORD|WED|4|REF-240|REC-MIX-2
32200708S|PRINCESS ROAD|RAYLEIGH|MON|1|REF-240|REC-MIX-1
32201263S|PRIORY CHASE|RAYLEIGH|THUR|4|REF-240|REC-MIX-2
32200710S|PUDSEY HALL LANE|ROCHFORD|FRI|2|REF-240|REC-MIX-1
32200711S|PULPITS CLOSE|HOCKLEY|WED|2|REF-240|REC-MIX-1
32200713S|PURLEIGH ROAD|RAYLEIGH|THUR|1|REF-240|REC-MIX-1
32200715S|QUEEN ANNES GROVE|HULLBRIDGE|TUES|6|REF-240|REC-MIX-2
32200716S|QUEEN ELIZABETH CH|ROCHFORD|FRI|3|REF-240|REC-MIX-1
32200717S|QUEENS ROAD|RAYLEIGH|MON|4|REF-240|REC-MIX-2
32200718S|QUEENSLAND AVENUE|ROCHFORD|FRI|3|REF-240|REC-MIX-1
32200719S|RADNOR ROAD|UNMADE|FRI|6|REF-240|REC-MIX-2
32200721S|RANDSWAY|RAYLEIGH|MON|4|REF-240|REC-MIX-2
32200722S|RAVENSWOOD CHASE|ROCHFORD|FRI|3|REF-240|REC-MIX-1
32200724S|RAWRETH LANE|RAWRETH|THUR|4|REF-240|REC-MIX-2
32200723S|RAWRETH LANE|RAYLIEGH|WED|6|REF-240|REC-MIX-2
32200725S|RAYLEIGH AVENUE|RAYLEIGH|MON|2|REF-240|REC-MIX-1
32201262S|RAYLEIGH AVENUE|RAWRETH|WED|6|REF-240|REC-MIX-1
32200726S|RAYLEIGH DOWNS ROAD|RAYLEIGH|WED|6|REF-240|NO
32200731S|READ CLOSE|HOCKLEY|WED|3|REF-240|REC-MIX-1
32200732S|REBELS LANE|WAKERING|FRI|3|REF-240|REC-MIX-1
32200733S|RECTORY AVENUE|ASHINGDON|WED|4|REF-240|REC-MIX-2
32200735S|RECTORY GARTH|RAYLEIGH|THUR|5|REF-240|REC-MIX-2
32200736S|RECTORY ROAD--whole off|ROCHFORD|WED|3|REF-240|REC-MIX-1
32201213S|RECTORY TERRACE|HOCKLEY|WED|3|REF-240|REC-MIX-1
32200737S|REGENCY CLOSE|ROCHFORD|WED|1|REF-240|REC-MIX-1
32201001S|REGENCY COURT, STATION APPROACH|HOCLEY|TUES|1|REF-240|NO
32200738S|REGENTS CLOSE|RAYLEIGH|THUR|2|REF-240|REC-MIX-1
32200739S|RETREAT ROAD|HOCKLEY|TUES|5|REF-240|REC-MIX-2
32200740S|RETTENDON CLOSE|RAYLEIGH|THUR|2|REF-240|REC-MIX-1
32201255S|REYNOLDS GARDENS|ASHINGDON|WED|4|REF-240|REC-MIX-2
32200741S|RICHMOND DRIVE|RAYLEIGH|MON|4|REF-240|REC-MIX-2
32200742S|RIDGEWAY|RAYLEIGH|MON|5|REF-240|REC-MIX-2
32200745S|RIVERVIEW GARDENS|HULLBRIDGE|TUES|3|REF-240|REC-MIX-1
32200746S|ROACH AVENUE|RAYLEIGH|MON|5|REF-240|REC-MIX-2
32200747S|ROCHE AVENUE|ROCHFORD|WED|1|REF-240|REC-MIX-1
32200748S|ROCHEFORT DRIVE|ROCHFORD|FRI|3|REF-240|REC-MIX-1
32200749S|ROCHEWAY(AMBUL.STAT)|ROCHFORD|FRI|3|REF-240|REC-MIX-1
32200751S|ROCHFORD GARDEN WAY|ROCHFORD|WED|1|REF-240|REC-MIX-1
32200752S|ROCHFORD HALL CLOSE|ROCHFORD|FRI|3|REF-240|REC-MIX-1
32200753S|RODING CLOSE|WAKERING|FRI|4|REF-240|REC-MIX-2
32200754S|ROMSEY CLOSE|HOCKLEY|TUES|1|REF-240|REC-MIX-1
32200755S|RONALD DRIVE|RAYLEIGH|THUR|2|REF-240|REC-MIX-1
32200756S|ROOKERY CLOSE|RAYLEIGH|THUR|5|REF-240|REC-MIX-2
32200758S|ROSILIAN DRIVE|HOCKLEY|TUES|6|REF-240|REC-MIX-2
32200759S|ROSSLYN CLOSE|HOCKLEY|TUES|5|REF-240|REC-MIX-2
32200760S|ROSSLYN ROAD|HOCKLEY|TUES|5|REF-240|REC-MIX-2
32200761S|ROTHSCHILD AVENUE|RAYLIEGH|||REF-240|NO
32201013S|ROWAN CLOSE|RAYLEIGH|THUR|4|REF-240|REC-MIX-2
32200762S|ROWAN WAY|CANEWDON|FRI|2|REF-240|REC-MIX-1
32200763S|ROYAL CLOSE|ROCHFORD|WED|3|REF-240|REC-MIX-1
32200764S|ROYERS CLOSE|HAWKWELL|WED|3|REF-240|REC-MIX-1
32200765S|RUFFLES CLOSE|RAYLEIGH|THUR|5|REF-240|REC-MIX-2
32200766S|RUSHLEY CLOSE|WAKERING|FRI|4|REF-240|REC-MIX-2
32200767S|RUSSELL GROVE|ROCHFORD|FRI|2|REF-240|REC-MIX-1
32200768S|RUSSET WAY|HOCKLEY|WED|2|REF-240|REC-MIX-1
32200771S|RUTLAND GARDENS|ROCHFORD|WED|5|REF-240|REC-MIX-2
32200773S|RYDAL CLOSE|RAYLEIGH|THUR|5|REF-240|REC-MIX-2
32200772S|RYDAL CLOSE|HULLBRIDGE|TUES|3|REF-240|REC-MIX-1
32201200S|SALEM WALK|RAYLEIGH|THUR|3|REF-240|REC-MIX-1
32201260S|SALISBURY CLOSE|RAYLEIGH|MON|6|REF-240|NO
32200774S|SANDHILL ROAD|EASTWOOD|WED|6|REF-240|REC-MIX-2
32200775S|SANDOWN CLOSE|ROCHFORD|WED|1|REF-240|REC-MIX-1
32200776S|SANDRINGHAM AVENUE|HOCKLEY|TUES|1|REF-240|REC-MIX-1
32201014S|SANGSTER COURT|RAYLIEGH|MON|3|REF-240|NO
32200777S|SAXON CLOSE|RAYLEIGH|TUES|4|REF-240|REC-MIX-2
32201026S|SAXON PLACE|ROCHFORD|FRI|6|REF-240|NO
33200778S|SCALDHURST FARM|CANEWDON||6|REF-240|REC-MIX-2
32200780S|SCOTTS HALL ROAD|CANEWDON|FRI|2|REF-240|REC-MIX-1
32201201S|SCOTTS WALK|RAYLEIGH|MON|1|REF-240|REC-MIX-1
32200782S|SEAVIEW DRIVE|WAKERING|FRI|5|REF-240|REC-MIX-2
32200784S|SEDDONS WALK|HOCKLEY|TUES|5|REF-240|REC-MIX-2
32200785S|SELBOURNE ROAD|HOCKLEY|TUES|5|REF-240|REC-MIX-2
32200786S|SHAKESPEARE AVENUE|RAYLEIGH|MON|1|REF-240|REC-MIX-1
32200787S|SHANNON AVENUE|RAYLEIGH|MON|5|REF-240|REC-MIX-2
32200788S|SHEERING COURT|RAYLEIGH|THUR|2|REF-240|REC-MIX-2
32200789S|SHELLY PLACE|RAYLEIGH|THUR|1|REF-240|REC-MIX-2
32200790S|SHERIDAN CLOSE|RAYLEIGH|MON|1|REF-240|REC-MIX-1
32201015S|SHERITAN SQUARE|RAYLEIGH|THUR|3|REF-240|NO
32200791S|SHOEBURY ROAD|WAKERING|FRI|5|REF-240|REC-MIX-2
32200793S|SHOPLAND ROAD|ROCHFORD|FRI|4|REF-240|REC-MIX-1
32200794S|SILCHESTER CORNER|WAKERING|FRI|3|REF-240|REC-MIX-1
32200795S|SILVERDALE|RAYLEIGH|MON|4|REF-240|REC-MIX-2
32200796S|SILVERTHORN CLOSE|ROCHFORD|WED|3|REF-240|REC-MIX-1
32200797S|SILVERTREE CLOSE|HOCKLEY|FRI|1|REF-240|REC-MIX-1
32200798S|Sir Walter Rayleigh|RAYLEIGH|THUR|3|REF-240|REC-MIX-1
32200800S|SOMERSET AVENUE|ROCHFORD|WED|1|REF-240|REC-MIX-1
32200801S|SOUTH AVENUE|HULLBRIDGE|TUES|4|REF-240|REC-MIX-2
32200802S|SOUTH STREET|ROCHFORD|FRI|1|REF-240|REC-MIX-1
32200804S|SOUTHBOURNE GROVE|HOCKLEY|WED|5|REF-240|REC-MIX-2
32200810S|SOUTHEND ROAD|HOCKLEY|TUES|5|REF-240|REC-MIX-2
32200809S|SOUTHEND ROAD|WAKERING|FRI|3|REF-240|REC-MIX-1
32200812S|SOUTHEND ROAD|ROCHFORD|FRI|3|REF-240|REC-MIX-1
32200803S|SOUTHVIEW CLOSE|RAYLEIGH|MON|2|REF-240|REC-MIX-1
32200813S|SOUTHVIEW ROAD|HOCKLEY|WED|5|REF-240|REC-MIX-2
32200815S|SOUTHWOOD  GARDENS|RAYLEIGH|MON|2|REF-240|REC-MIX-1
32200816S|SOVEREIGN CLOSE|ROCHFORD|WED|1|REF-240|REC-MIX-1
32200817S|SPA CLOSE|HOCKLEY|TUES|1|REF-240|REC-MIX-1
32200818S|SPA ROAD|HOCKLEY|TUES|1|REF-240|REC-MIX-1
32200819S|SPENCER GARDENS|ROCHFORD|WED|3|REF-240|REC-MIX-1
32200820S|SPENCERS|HAWKWELL|TUES|2|REF-240|REC-MIX-1
32200821S|SPINDLEBEAMS|ROCHFORD|FRI|3|REF-240|REC-MIX-1
32200824S|SPRING GARDENS|RAYLEIGH|THUR|5|REF-240|REC-MIX-2
32200825S|SPRINGWATER ROAD|RAYLEIGH|MON|2|REF-240|REC-MIX-1
32200826S|ST ANDREWS ROAD|ROCHFORD|FRI|1|REF-240|REC-MIX-1
32200827S|ST CLARE MEADOW|ROCHFORD|FRI|2|REF-240|REC-MIX-1
32200828S|ST CLEMENTS CLOSE|HOCKLEY|WED|3|REF-240|REC-MIX-1
32200829S|ST JAMES WALK|HOCKLEY|TUES|1|REF-240|REC-MIX-1
32200830S|ST JOHNS CLOSE|WAKERING|FRI|4|REF-240|REC-MIX-2
32201241S|ST JOHNS DRIVE|RAYLEIGH|WED|6|REF-240|NO
32200831S|ST JOHNS ROAD|WAKERING|FRI|4|REF-240|REC-MIX-2
32201116S|ST LUKES PLACE|ROCHFORD|WED|1|REF-240|NO
32201027S|ST MARKS FIELD|ROCHFORD|FRI|1|REF-240|REC-MIX-1
32200833S|ST MARTINS CLOSE|RAYLEIGH|MON|5|REF-240|REC-MIX-2
32201202S|ST PETERS ROAD|HOCKLEY|TUES|6|REF-240|REC-MIX-2
32200836S|ST THOMAS ROAD|FAMBRIDGE|FRI|6|REF-240|REC-MIX-2
32200839S|STAMBRIDGE ROAD/BRAYS LANE|ROCHFORD|FRI|2|REF-240|REC-MIX-1
32200840S|STAMBRIDGE ROAD/TO CHURCH|ROCHFORD|WED|1|REF-240|REC-MIX-1
32200841S|STANLEY ROAD|ROCHFORD|WED|5|REF-240|REC-MIX-2
32200844S|STATION AVENUE|RAYLEIGH|THUR|1|REF-240|REC-MIX-1
32200845S|STATION CRESENT (34 is a bag collection)|RAYLEIGH|THUR|5|REF-240|REC-MIX-2
32200847S|STATION ROAD|RAYLEIGH|MON|5|REF-240|REC-MIX-2
32200846S|STATION ROAD|HOCKLEY|TUES|1|REF-240|REC-MIX-1
32200848S|STEEPLE CLOSE|ROCHFORD|WED|1|REF-240|NO
32200849S|STEWARDELM FARM LANE|STAMBRIDGE|THUR|6|REF-240|REC-MIX-2
32200850S|STILE LANE|RAYLEIGH|WED|6|REF-240|REC-MIX-2
32201268S|STILWELLS|ROCHFORD|FRI|2|REF-240|REC-MIX-1
32201016S|STIRLING CLOSE|RAYLEIGH|THUR|3|REF-240|REC-MIX-1
32200851S|STUART CLOSE|WAKERING|FRI|4|REF-240|REC-MIX-2
32200852S|SUDBURY CLOSE|HOCKLEY|TUES|2|REF-240|REC-MIX-1
32200853S|SUDLEY GARDENS|HOCKLEY|TUES|1|REF-240|REC-MIX-1
32200997S|SUFFOLK COURT|ROCHFORD|WED|1|REF-240|REC-MIX-1
32200854S|SUNNY ROAD|HOCKLEY|TUES|2|REF-240|REC-MIX-1
32200855S|SUNNYFIELD GARDENS|HOCKLEY|FRI|1|REF-240|REC-MIX-1
32200856S|SUTTON COURT DRIVE|ROCHFORD|FRI|3|REF-240|REC-MIX-1
32200857S|SUTTON ROAD|ROCHFORD|FRI|3|REF-240|REC-MIX-1
32201109S|SWALLOW CLOSE|RAYLEIGH|THUR|1|REF-240|REC-MIX-1
32200861S|SWEYNE AVENUE|HOCKLEY|WED|3|REF-240|REC-MIX-1
32200862S|SWEYNE CLOSE|RAYLEIGH|THUR|2|REF-240|REC-MIX-1
32200863S|SYCAMORE WAY|CANEWDON|FRI|2|REF-240|REC-MIX-1
32201017S|SYCOMORE CLOSE|RAYLEIGH|THUR|4|REF-240|REC-MIX-2
32201018S|SYKES MEAD|RAYLEIGH|MON|4|REF-240|REC-MIX-2
32200864S|TALBOT AVENUE|RAYLEIGH|THUR|2|REF-240|REC-MIX-1
32200865S|TEIGNMOUTH DRIVE|RAYLEIGH|THUR|4|REF-240|REC-MIX-2
32200866S|TENDERING AVENUE|RAYLEIGH|THUR|2|REF-240|REC-MIX-1
32200867S|THAMES CLOSE|RAYLEIGH|MON|5|REF-240|REC-MIX-2
32200004S|THE ACORNS|HOCKLEY|WED|2|REF-240|REC-MIX-1
32200025S|THE ANCHORAGE|WAKERING|FRI|5|REF-240|REC-MIX-2
32200028S|THE APPROACH|RAYLEIGH|THUR|1|REF-240|REC-MIX-1
32200048S|THE AVENUE|HULLBRIDGE|TUES|3|REF-240|REC-MIX-1
32201004S|THE BAILEYS|RAYLEIGH|MON|5|REF-240|REC-MIX-2
32200096S|THE BOULEVARD|ROCHFORD|WED|1|REF-240|REC-MIX-1
32200106S|THE BRAMLEYS|ROCHFORD|WED|5|REF-240|REC-MIX-2
32200172S|THE CEDARS|WAKERING|FRI|4|REF-240|REC-MIX-2
32200178S|THE CHASE|RAYLEIGH|MON|3|REF-240|REC-MIX-1
32205077S|THE CHASE|ROCHFORD|FRI|6|REF-240|REC-MIX-2
32200199S|THE CHESTNUTS|RAYLEIGH|THUR|5|REF-240|REC-MIX-2
32200237S|THE COURTS|RAYLEIGH|THUR|5|REF-240|REC-MIX-2
32201246S|THE CROFTS|RAYLEIGH|MON|2|REF-240|REC-MIX-1
32200247S|THE CROFTS|WAKERING|FRI|4|REF-240|REC-MIX-2
32200258S|THE DALES|ROCHFORD|WED|1|REF-240|REC-MIX-1
32200284S|THE DRIVE|ROCHFORD|WED|1|REF-240|REC-MIX-1
32200282S|THE DRIVE|HULLBRIDGE|TUES|3|REF-240|REC-MIX-1
32200283S|THE DRIVE|EASTWOOD|WED|6|REF-240|REC-MIX-2
32200308S|THE ESPLANADE|HULLBRIDGE|TUES|3|REF-240|REC-MIX-1
32200338S|THE GARNERS|ROCHFORD|FRI|3|REF-240|REC-MIX-1
32200340S|THE GATTENS|RAYLEIGH|TUES|4|REF-240|REC-MIX-2
32200350S|THE GLEN|RAYLEIGH|MON|4|REF-240|REC-MIX-2
32200461S|THE HYLANDS|HOCKLEY|TUES|2|REF-240|REC-MIX-1
32200494S|THE KNOLL|RAYLEIGH|MON|5|REF-240|REC-MIX-2
32200509S|THE LAURELS|RAYLEIGH|MON|2|REF-240|REC-MIX-1
32200510S|THE LAXTONS|ROCHFORD|WED|5|REF-240|REC-MIX-2
32200523S|THE LIMES|RAYLEIGH|MON|3|REF-240|REC-MIX-1
32200566S|THE MALLARDS|WAKERING|FRI|5|REF-240|NO
32200601S|THE MEWS|HOCKLEY|TUES|1|REF-240|REC-MIX-1
32200675S|THE PADDOCKS|RAYLEIGH|MON|1|REF-240|REC-MIX-1
32200709S|THE PRIORIES|HULLBRIDGE|TUES|3|REF-240|REC-MIX-1
32201247S|THE PROMENADE|HULLBRIDGE|TUES|3|REF-240|REC-MIX-1
32200720S|THE RAMPARTS|RAYLEIGH|MON|3|REF-240|REC-MIX-1
32200743S|THE RIDINGS|ROCHFORD|FRI|3|REF-240|REC-MIX-1
32200769S|THE RUSSETTS|ROCHFORD|WED|5|REF-240|REC-MIX-2
32200823S|THE SPINNEYS|RAYLEIGH|MON|3|REF-240|REC-MIX-1
32200822S|THE SPINNEYS|HOCKLEY|TUES|2|REF-240|REC-MIX-1
32200883S|THE TRUNNIONS|ROCHFORD|FRI|3|REF-240|REC-MIX-1
32200910S|THE WALK|HULLBRIDGE|TUES|3|REF-240|REC-MIX-1
32200945S|THE WESTERINGS|HOCKLEY|TUES|2|REF-240|REC-MIX-1
32200868S|THORINGTON ROAD|RAYLEIGH|MON|1|REF-240|REC-MIX-1
32200869S|THORPE CLOSE|HOCKLEY|TUES|2|REF-240|REC-MIX-1
32201204S|THORPE GARDENS|HOCKLEY|TUES|2|REF-240|REC-MIX-1
32200870S|THORPE ROAD|HOCKLEY|TUES|2|REF-240|REC-MIX-1
32200872S|TILLINGHAM WAY|RAYLEIGH|THUR|2|REF-240|REC-MIX-1
32200874S|TONBRIDGE ROAD|RAYLEIGH|WED|2|REF-240|REC-MIX-1
32200875S|TORQUAY CLOSE|RAYLEIGH|THUR|4|REF-240|REC-MIX-2
32200878S|TOWNFIELD ROAD|ROCHFORD|FRI|3|REF-240|REC-MIX-1
32200879S|TOWNFIELD WALK|WAKERING|FRI|5|REF-240|REC-MIX-2
32200880S|TRENDERS AVENUE|RAYLEIGH|TUES|6|REF-240|REC-MIX-2
32200881S|TRINITY CLOSE|RAYLEIGH|MON|4|REF-240|REC-MIX-2
32200882S|TRINITY ROAD|RAYLEIGH|MON|4|REF-240|REC-MIX-2
32201238S|TRINITY WOOD ROAD|HOCKLEY|FRI|SWP1|REF-240|NO
32200884S|TRURO CRESCENT|RAYLEIGH|THUR|4|REF-240|REC-MIX-2
32200885S|TUDOR CLOSE|RAYLEIGH|MON|3|REF-240|REC-MIX-1
32200886S|TUDOR WAY|HAWKWELL|TUES|2|REF-240|REC-MIX-1
32200887S|TWYFORD AVENUE|WAKERING|FRI|4|REF-240|REC-MIX-2
32200888S|TYLNEY AVENUE|ROCHFORD|WED|1|REF-240|REC-MIX-1
32200889S|TYMS WAY|RAYLEIGH|THUR|4|REF-240|REC-MIX-2
32200890S|TYNDALE CLOSE|HULLBRIDGE|TUES|3|REF-240|REC-MIX-1
32200893S|ULVERSTON ROAD|ROCHFORD|FRI|6|REF-240|REC-MIX-2
32200895S|UPLANDS CLOSE|HOCKLEY|TUES|5|REF-240|REC-MIX-2
32200896S|UPLANDS PARK ROAD|RAYLEIGH|THUR|5|REF-240|REC-MIX-2
32200897S|UPLANDS ROAD|HOCKLEY|TUES|5|REF-240|REC-MIX-2
32200898S|UPPER LAMBRICKS|RAYLEIGH|THUR|4|REF-240|REC-MIX-2
32200899S|UPWAY|RAYLEIGH|THUR|5|REF-240|REC-MIX-2
32200900S|VANDERBILT AVENUE|RAYLEIGH|TUES|SWP|REF-240|REC-MIX-2
32200902S|VAUGHAN CLOSE|ROCHFORD|WED|3|REF-240|REC-MIX-1
32200903S|VERNON AVENUE|RAYLEIGH|THUR|3|REF-240|REC-MIX-1
32200904S|VICTOR GARDENS|HOCKLEY|TUES|5|REF-240|REC-MIX-2
32200905S|VICTORIA AVENUE|RAYLEIGH|THUR|3|REF-240|REC-MIX-1
32200906S|VICTORIA DRIVE|WAKERING|FRI|3|REF-240|REC-MIX-1
32200907S|VICTORIA ROAD|RAYLEIGH|THUR|5|REF-240|REC-MIX-2
32201236S|VICTORY LANE|ROCHFORD|WED|5|REF-240|REC-MIX-2
3220105S|VILLAGE GREEN|CANEWDON|FRI|2|REF-240|REC-MIX-1
32201209S|VINCENT ROAD|HOCKLEY|TUES|6|REF-240|REC-MIX-2
32200908S|WADHAM PARK AVENUE/farm|HOCKLEY|TUES|6|REF-240|REC-MIX-2
32200909S|WAKERING ROAD|WAKERING|FRI|3|REF-240|REC-MIX-1
32200911S|WALLACE CLOSE|HULLBRIDGE|TUES|3|REF-240|REC-MIX-1
32200912S|WALNUT CLOSE|HOCKLEY|WED|2|REF-240|REC-MIX-1
32201206S|WALPOLE WALK|RAYLEIGH|MON|1|REF-240|REC-MIX-1
32200915S|WALTHAM ROAD|RAYLEIGH|THUR|1|REF-240|REC-MIX-1
32200916S|WARNERS BRIDGE CHASE|ROCHFORD|FRI|3|REF-240|REC-MIX-1
32200917S|WARREN CLOSE|RAYLEIGH|MON|5|REF-240|REC-MIX-2
32200918S|WARWICK CLOSE|RAYLEIGH|MON|2|REF-240|REC-MIX-1
32200919S|WARWICK DRIVE|ROCHFORD|FRI|3|REF-240|REC-MIX-1
32200920S|WARWICK GARDENS|RAYLEIGH|MON|2|REF-240|REC-MIX-1
32200921S|WARWICK GREEN|RAYLEIGH|MON|2|REF-240|REC-MIX-1
32201084S|WARWICK ROAD/UNMADE|RAYLEIGH|WED|6|REF-240|REC-MIX-2
32200922S|WARWICK ROAD-COMPLETE|RAYLEIGH|MON|2|REF-240|REC-MIX-1
32200923S|WATCHFIELD LANE/OFF HIGH ROAD|RAYLEIGH|MON|5|REF-240|REC-MIX-2
32200926S|WATERY LANE|RAWRETH|TUES|6|REF-240|REC-MIX-2
32200927S|WAXWELL ROAD|HULLBRIDGE|TUES|4|REF-240|REC-MIX-2
32200929S|WEDDS WAY|WAKERING|FRI|4|REF-240|REC-MIX-2
32200930S|WEDGEWOOD WAY|ROCHFORD|WED|4|REF-240|NO
32200932S|WEIR FARM ROAD|RAYLEIGH|MON|5|REF-240|REC-MIX-2
32200933S|WEIR GARDENS|RAYLEIGH|MON|5|REF-240|REC-MIX-2
32200934S|WEIR POND ROAD|ROCHFORD|WED|1|REF-240|REC-MIX-1
32200998S|WELBECK CLOSE|HOCKLEY|TUES|2|REF-240|REC-MIX-1
32200935S|WELLINGTON AVENUE|HULLBRIDGE|TUES|6|REF-240|REC-MIX-2
32200936S|WELLINGTON ROAD|RAYLIEGH|FRI|1|REF-240|REC-MIX-1
32200937S|WELLSFIELD|RAYLEIGH|THUR|5|REF-240|REC-MIX-2
32200938S|WENDON CLOSE|ROCHFORD|WED|3|REF-240|REC-MIX-1
32200939S|WEST AVENUE|HULLBRIDGE|TUES|3|REF-240|REC-MIX-1
32200940S|WEST STREET|ROCHFORD|FRI|1|REF-240|REC-MIX-1
32200942S|WESTBOURNE CLOSE|HOCKLEY|WED|5|REF-240|REC-MIX-2
32200944S|WESTBURY|ROCHFORD|WED|3|REF-240|REC-MIX-1
32200946S|WESTERN ROAD|RAYLEIGH|MON|5|REF-240|REC-MIX-2
32200947S|WESTMINSTER DRIVE|HOCKLEY|TUES|1|REF-240|REC-MIX-1
32200941S|WESTVIEW DRIVE|RAYLEIGH|MON|5|REF-240|REC-MIX-2
32200948S|WETHERSFIELD CLOSE|RAYLEIGH|THUR|2|REF-240|REC-MIX-1
32200949S|WHEATFIELDS|STAMBRIDGE|FRI|2|REF-240|REC-MIX-1
32200950S|WHEATLEY CLOSE|ROCHFORD|WED|3|REF-240|REC-MIX-1
32200951S|WHITE HALL ROAD|WAKERING|FRI|4|REF-240|REC-MIX-2
32200952S|WHITE HART LANE|HOCKLEY|TUES|5|REF-240|REC-MIX-2
32200953S|WHITE HART LANE|HOCKLEY|MON|6|REF-240|REC-MIX-2
32200954S|WHITE HOUSE CHASE|RAYLEIGH|MON|4|REF-240|REC-MIX-2
32200955S|WILLINGALE AVENUE|RAYLEIGH|THUR|2|REF-240|REC-MIX-1
32200957S|WILLOW CLOSE|RAYLEIGH|THUR|3|REF-240|REC-MIX-1
32200956S|WILLOW CLOSE|HOCKLEY|TUES|5|REF-240|REC-MIX-2
32200958S|WILLOW DRIVE|RAYLEIGH|THUR|3|REF-240|REC-MIX-1
32200960S|WILLOW WALK|HOCKLEY|TUES|5|REF-240|REC-MIX-2
32200959S|WILLOW WALK|CANEWDON|FRI|2|REF-240|REC-MIX-1
32200962S|WIMHURST CLOSE|HOCKLEY|WED|2|REF-240|REC-MIX-1
32200963S|WINBROOK CLOSE|RAYLEIGH|MON|4|REF-240|REC-MIX-2
32200964S|WINBROOK ROAD|RAYLEIGH|MON|4|REF-240|REC-MIX-2
32200965S|WINCHESTER DRIVE|RAYLEIGH|THUR|6|REF-240|REC-MIX-2
32200966S|WINDERMERE AVENUE|HULLBRIDGE|TUES|3|REF-240|REC-MIX-1
32200967S|WINDSOR GARDENS|HOCKLEY|WED|3|REF-240|REC-MIX-1
32200968S|WINDSOR MEWS|RAYLEIGH|MON|5|REF-240|REC-MIX-2
32200969S|WINDSOR WAY|RAYLEIGH|MON|2|REF-240|REC-MIX-1
32200970S|WOOD AVENUE|HOCKLEY|WED|2|REF-240|REC-MIX-1
32200971S|WOOD END|HOCKLEY|TUES|2|REF-240|REC-MIX-1
32201220S|WOOD LANE|HOCKLEY|WED|2|REF-240|REC-MIX-1
32200972S|WOODLANDS AVENUE|RAYLEIGH|MON|4|REF-240|REC-MIX-2
32200974S|WOODLANDS CLOSE|RAYLEIGH|MON|4|REF-240|REC-MIX-2
32200973S|WOODLANDS CLOSE|HOCKLEY|TUES|2|REF-240|REC-MIX-1
32200975S|WOODLANDS ROAD|HOCKLEY|TUES|2|REF-240|REC-MIX-1
32200976S|WOODPOND AVENUE|HOCKLEY|TUES|2|REF-240|REC-MIX-1
32200977S|WOODSIDE CHASE|HOCKLEY|TUES|2|REF-240|REC-MIX-1
32200978S|WOODSIDE ROAD|HOCKLEY|TUES|6|REF-240|NO
32200979S|WOODSTOCK CRESCENT|HOCKLEY|TUES|1|REF-240|REC-MIX-1
32200980S|WOODVILLE CLOSE|ROCHFORD|WED|3|REF-240|REC-MIX-1
32200981S|WORCESTER DRIVE|RAYLEIGH|MON|2|REF-240|REC-MIX-1
32200983S|WYBURNS AVENUE |RAYLEIGH|MON|4|REF-240|REC-MIX-2
32200982S|WYBURNS AVENUE EAST|RAYLEIGH|MON|4|REF-240|REC-MIX-2
32200961S|WYMARC CRESCENT|RAYLEIGH|THUR|3|REF-240|REC-MIX-1
32200984S|YORK CLOSE|RAYLEIGH|MON|2|REF-240|REC-MIX-1
32200985S|YORK RISE|RAYLEIGH|MON|2|REF-240|REC-MIX-1
32200987S|YORK ROAD|ROCHFORD|WED|4|REF-240|REC-MIX-2
32200988S|YORK ROAD|RAYLEIGH|MON|2|REF-240|REC-MIX-1
